from_stop_I;to_stop_I;d;d_walk
1;2;51;86
1;3;56;113
1;4;132;188
1;5;17;67
1;6;83;99
1;7;690;754
1;8;846;988
1;194;565;629
1;399;169;249
1;21;623;825
1;22;651;866
1;23;436;627
1;24;346;503
1;409;636;959
1;26;134;401
1;27;389;586
1;28;413;602
1;29;583;723
1;30;570;713
1;31;632;830
1;416;697;933
1;161;794;991
1;164;793;986
1;193;656;726
1;48;650;882
1;49;601;703
1;50;437;455
1;51;435;450
1;52;587;731
1;53;538;665
1;54;603;747
1;415;685;925
1;189;342;471
1;190;440;602
1;191;417;476
1;192;365;422
1;65;281;391
1;66;296;410
1;452;459;589
1;453;433;561
1;73;339;381
1;74;922;987
1;1354;343;477
1;25;70;83
2;192;400;409
2;66;245;338
2;3;84;100
2;4;161;175
2;5;48;79
2;6;118;152
2;7;712;820
2;73;300;309
2;1354;354;498
2;409;589;887
2;452;442;594
2;194;602;616
2;399;122;177
2;146;827;930
2;453;416;567
2;21;672;889
2;22;698;931
2;23;487;692
2;24;397;568
2;25;52;70
2;26;107;329
2;27;358;514
2;28;380;530
2;29;547;651
2;30;534;640
2;31;587;757
2;416;650;861
2;161;762;919
2;164;760;914
2;65;230;319
2;193;694;713
2;48;603;810
2;49;628;769
2;50;471;521
2;51;469;516
2;52;541;659
2;53;492;593
2;54;557;675
2;415;637;852
2;189;340;481
2;190;433;612
2;191;454;463
3;192;317;328
3;4;78;94
3;5;72;123
3;6;128;195
3;7;733;850
3;194;518;535
3;73;383;396
3;1354;394;573
3;409;668;973
3;452;514;681
3;66;318;425
3;399;176;264
3;453;488;654
3;21;595;808
3;22;620;850
3;23;421;611
3;24;337;487
3;25;62;85
3;26;113;416
3;27;361;601
3;28;386;616
3;29;559;738
3;30;547;727
3;31;625;844
3;416;729;947
3;65;302;406
3;193;610;632
3;48;648;897
3;49;641;799
3;50;472;551
3;51;468;545
3;52;623;745
3;53;574;680
3;54;638;762
3;415;717;939
3;189;396;566
3;190;495;698
3;191;370;383
4;192;241;252
4;452;590;755
4;5;148;197
4;6;189;269
4;7;778;924
4;194;443;459
4;393;919;980
4;1354;456;647
4;23;384;538
4;66;380;499
4;399;231;338
4;408;802;967
4;453;564;728
4;21;540;732
4;22;560;774
4;407;789;927
4;24;313;415
4;25;125;160
4;26;149;392
4;27;361;590
4;28;387;605
4;29;561;812
4;30;550;801
4;31;649;918
4;161;754;993
4;164;755;988
4;65;363;480
4;193;535;556
4;48;678;971
4;49;682;819
4;50;506;625
4;51;500;620
4;52;692;820
4;53;644;754
4;54;708;836
4;73;459;470
4;189;466;641
4;190;568;772
4;191;295;306
5;6;74;77
5;7;678;745
5;8;836;979
5;194;580;639
5;399;170;242
5;146;872;995
5;21;633;816
5;22;662;857
5;23;443;618
5;24;352;494
5;409;627;952
5;26;142;394
5;27;397;579
5;28;421;595
5;29;590;716
5;30;577;705
5;31;634;822
5;416;687;926
5;161;802;984
5;164;801;979
5;193;671;736
5;175;830;988
5;48;650;875
5;49;591;694
5;50;429;446
5;51;427;440
5;52;576;724
5;53;527;658
5;54;592;740
5;415;675;917
5;189;326;448
5;190;424;580
5;191;432;486
5;192;380;432
5;65;275;384
5;66;289;403
5;452;443;567
5;453;416;539
5;73;326;374
5;74;910;978
5;1354;328;458
5;25;79;93
6;192;395;501
6;7;607;672
6;8;763;907
6;73;344;445
6;74;840;906
6;75;923;986
6;452;417;514
6;66;341;477
6;1354;269;384
6;399;238;315
6;453;391;486
6;21;609;744
6;22;643;785
6;23;406;546
6;24;309;422
6;25;152;165
6;26;216;468
6;27;471;653
6;28;494;668
6;29;663;790
6;30;650;779
6;31;703;896
6;416;721;996
6;65;329;458
6;194;591;708
6;193;678;783
6;175;790;920
6;48;716;949
6;49;518;621
6;50;355;373
6;51;353;368
6;52;605;794
6;53;555;729
6;54;620;811
6;415;709;988
6;189;280;375
6;190;384;506
6;191;444;555
7;65;836;886
7;8;194;302
7;9;555;657
7;10;766;952
7;75;316;331
7;76;719;793
7;66;838;905
7;77;708;825
7;344;733;764
7;345;894;958
7;23;682;850
7;24;623;783
7;25;756;820
7;79;840;996
7;1354;373;403
7;453;509;679
7;399;812;931
7;175;516;903
7;49;110;136
7;50;288;305
7;51;298;318
7;189;431;521
7;73;710;872
7;452;510;681
7;74;233;235
7;190;424;544
8;11;759;835
8;452;703;890
8;9;368;380
8;10;592;680
8;75;211;283
8;12;852;988
8;77;599;805
8;78;780;989
8;79;734;975
8;344;594;719
8;345;744;922
8;1354;553;669
8;453;702;906
8;97;622;990
8;76;594;771
8;49;247;339
8;50;413;548
8;51;419;552
8;74;171;241
8;189;618;787
8;190;617;810
9;11;481;576
9;76;599;917
9;74;470;610
9;75;436;498
9;12;649;809
9;13;734;942
9;77;642;951
9;49;575;662
9;50;693;809
9;51;693;806
9;344;561;864
9;1354;882;992
9;10;247;302
10;49;762;956
10;75;683;799
10;198;786;917
10;74;713;910
10;11;269;280
10;12;478;513
10;13;605;682
11;195;600;796
11;196;661;827
11;197;699;865
11;198;537;649
11;12;227;245
11;13;382;414
11;14;644;826
12;449;787;995
12;195;418;559
12;196;465;590
12;197;516;627
12;198;454;553
12;199;522;976
12;13;171;177
12;14;426;589
12;15;655;878
12;16;788;909
12;17;683;788
12;18;715;812
12;20;776;984
12;21;664;850
12;22;690;900
12;23;741;920
12;24;814;957
13;449;658;825
13;195;414;501
13;196;430;511
13;197;498;556
13;198;544;614
13;199;633;918
13;14;262;419
13;15;526;717
13;16;647;739
13;17;530;618
13;18;571;642
13;19;599;831
13;20;609;814
13;21;504;680
13;22;526;730
13;23;608;764
13;24;691;872
13;50;811;987
13;51;800;984
14;449;437;520
14;195;450;647
14;196;417;594
14;197;493;690
14;198;679;924
14;393;565;991
14;15;312;440
14;16;404;437
14;17;276;320
14;18;327;340
14;19;344;533
14;20;351;516
14;21;362;719
14;22;356;769
14;23;544;803
14;24;642;911
14;397;698;769
15;193;636;775
15;194;719;878
15;195;438;438
15;196;363;384
15;197;413;480
15;198;713;714
15;199;826;851
15;393;442;732
15;394;486;783
15;397;400;502
15;16;150;170
15;17;151;273
15;18;106;139
15;19;349;431
15;20;338;414
15;21;587;782
15;22;554;760
15;449;133;253
16;192;850;947
16;193;573;659
16;194;663;752
16;195;587;602
16;196;509;515
16;197;555;612
16;198;862;878
16;199;974;991
16;393;309;581
16;394;339;650
16;17;141;252
16;18;77;106
16;19;292;411
16;20;274;394
16;21;595;761
16;22;551;739
16;23;814;985
16;397;300;416
16;449;93;180
16;191;796;895
17;193;486;772
17;194;570;875
17;195;552;662
17;196;485;609
17;197;544;705
17;198;823;939
17;449;207;338
17;393;328;746
17;394;445;868
17;18;74;156
17;19;199;220
17;20;188;203
17;21;463;571
17;22;423;549
17;23;681;795
17;24;779;887
17;397;440;587
18;193;547;704
18;194;633;807
18;195;539;577
18;196;466;522
18;197;518;619
18;198;813;854
18;199;927;989
18;393;337;661
18;394;408;726
18;19;259;314
18;20;244;297
18;21;536;664
18;22;496;642
18;23;754;888
18;24;852;980
18;449;134;197
18;397;374;445
18;191;759;950
19;192;559;942
19;193;289;704
19;194;375;795
19;195;725;869
19;196;665;815
19;197;730;912
19;449;380;497
19;393;243;678
19;394;463;804
19;20;22;27
19;21;336;356
19;22;284;334
19;23;549;580
19;24;640;672
19;397;553;721
19;191;505;937
20;192;577;963
20;193;303;687
20;194;391;790
20;195;722;852
20;196;660;798
20;197;724;895
20;449;363;480
20;393;227;661
20;394;443;787
20;21;357;377
20;22;305;355
20;23;570;601
20;24;662;693
20;397;532;704
20;191;523;933
21;192;357;600
21;449;669;847
21;194;292;510
21;393;555;748
21;1354;757;806
21;22;57;68
21;23;219;236
21;24;316;329
21;25;656;874
21;193;288;473
21;49;764;970
21;50;618;781
21;51;604;775
21;189;821;833
21;190;922;937
21;191;321;605
22;192;359;642
22;449;629;825
22;194;261;494
22;393;499;731
22;394;742;989
22;23;267;286
22;24;360;371
22;25;679;916
22;1354;803;857
22;193;243;457
22;50;671;831
22;51;657;826
22;189;865;875
22;190;967;987
22;191;316;637
23;192;297;406
23;194;366;505
23;393;752;945
23;1354;538;576
23;399;596;856
23;24;100;135
23;25;482;677
23;26;527;820
23;453;744;847
23;65;716;998
23;193;415;580
23;49;573;740
23;50;411;551
23;51;398;546
23;73;749;986
23;452;768;854
23;189;602;636
23;190;703;707
23;191;295;457
24;192;293;378
24;194;413;577
24;73;651;862
24;1354;444;509
24;399;511;731
24;25;398;553
24;26;448;697
24;27;672;895
24;28;698;910
24;453;646;723
24;193;477;652
24;65;626;874
24;66;641;893
24;49;514;673
24;50;341;483
24;51;329;478
24;452;670;739
24;189;505;511
24;190;607;639
24;191;309;429
25;192;366;394
25;194;566;601
25;73;337;366
25;1354;402;543
25;452;492;651
25;66;258;395
25;399;115;234
25;146;798;987
25;453;466;624
25;409;611;944
25;26;64;386
25;27;319;571
25;28;343;587
25;29;514;708
25;30;501;697
25;31;568;814
25;416;671;918
25;161;724;976
25;164;723;971
25;65;242;376
25;193;659;698
25;48;589;867
25;49;669;769
25;50;507;521
25;51;504;515
25;52;567;716
25;53;520;650
25;54;583;732
25;415;659;909
25;189;391;536
25;190;484;668
25;191;419;448
26;192;376;534
26;65;222;253
26;194;573;741
26;73;350;505
26;1354;460;695
26;452;529;788
26;66;240;272
26;399;88;168
26;145;823;959
26;146;736;863
26;453;504;763
26;407;713;832
26;408;719;804
26;27;256;271
26;28;280;286
26;29;451;502
26;30;438;507
26;31;512;691
26;416;655;797
26;161;661;675
26;164;659;670
26;193;666;838
26;48;537;744
26;50;570;837
26;51;568;831
26;52;558;596
26;53;513;558
26;54;575;613
26;409;595;823
26;415;643;789
26;189;442;678
26;190;530;810
26;191;430;588
27;192;503;732
27;161;406;422
27;194;662;937
27;73;488;684
27;1354;702;878
27;409;602;980
27;452;719;965
27;66;318;451
27;399;261;353
27;415;640;946
27;145;581;706
27;146;490;610
27;407;462;579
27;28;27;33
27;29;201;249
27;30;190;254
27;31;318;438
27;416;652;954
27;33;661;946
27;34;657;938
27;164;404;417
27;165;636;864
27;166;627;840
27;453;697;940
27;408;465;551
27;48;364;491
27;52;594;767
27;53;562;736
27;54;609;784
27;191;549;784
27;189;670;861
27;190;743;992
27;65;306;432
28;192;528;747
28;161;382;391
28;454;797;1000
28;73;499;700
28;1354;722;893
28;452;732;980
28;66;327;466
28;399;280;368
28;415;634;926
28;145;555;675
28;146;464;579
28;416;646;939
28;407;442;548
28;409;597;996
28;29;175;218
28;30;164;223
28;31;295;407
28;32;706;995
28;33;636;915
28;34;631;906
28;164;380;386
28;165;627;833
28;166;618;808
28;194;684;953
28;453;711;956
28;408;444;519
28;48;343;460
28;52;593;783
28;53;562;751
28;54;608;799
28;191;573;800
28;189;688;876
28;65;316;447
29;192;685;949
29;65;435;563
29;454;727;825
29;73;611;815
29;407;307;446
29;66;441;582
29;399;437;490
29;164;218;285
29;145;382;488
29;146;290;379
29;451;732;841
29;148;728;976
29;450;823;936
29;408;298;418
29;409;621;837
29;30;17;20
29;415;648;751
29;416;659;764
29;33;485;718
29;34;479;709
29;32;548;798
29;165;573;791
29;166;557;766
29;161;223;290
29;46;723;943
29;47;722;939
29;48;257;271
29;52;637;883
29;53;618;854
29;54;649;899
29;31;195;207
29;189;835;992
30;192;679;954
30;65;419;553
30;454;720;814
30;73;595;804
30;1354;862;999
30;407;323;451
30;66;425;572
30;399;423;479
30;164;233;289
30;145;392;477
30;146;301;368
30;451;742;830
30;148;733;965
30;450;833;925
30;408;314;423
30;409;607;826
30;415;635;741
30;416;645;754
30;33;488;707
30;34;482;698
30;32;553;787
30;165;586;796
30;166;571;771
30;161;239;294
30;46;721;933
30;47;719;928
30;48;249;260
30;52;622;872
30;53;603;843
30;54;635;888
30;31;188;196
30;189;819;982
31;409;467;639
31;450;776;890
31;399;465;596
31;145;352;442
31;146;290;405
31;147;703;871
31;148;616;779
31;407;444;599
31;408;420;570
31;415;485;554
31;416;494;567
31;33;357;520
31;34;355;512
31;164;322;437
31;165;753;948
31;166;735;922
31;46;547;746
31;47;545;742
31;48;63;74
31;52;498;685
31;53;492;657
31;54;508;702
31;189;811;920
31;65;405;491
31;66;403;478
31;451;681;794
31;452;794;892
31;453;779;870
31;454;532;627
31;32;436;600
31;73;549;618
31;1354;869;937
31;161;335;442
32;454;508;667
32;143;652;734
32;144;636;701
32;145;231;979
32;146;308;942
32;147;267;284
32;148;182;267
32;150;817;968
32;409;736;860
32;416;728;770
32;33;87;101
32;34;85;92
32;35;648;729
32;36;588;689
32;37;848;940
32;38;823;915
32;46;318;381
32;47;324;389
32;48;424;551
32;53;814;916
32;54;799;990
32;415;726;775
33;65;743;945
33;66;736;928
33;164;432;948
33;454;453;610
33;73;856;969
33;143;738;818
33;144;722;785
33;145;224;899
33;146;279;862
33;416;647;681
33;148;260;265
33;409;653;772
33;415;645;686
33;161;447;953
33;34;12;69
33;35;728;813
33;36;663;754
33;38;907;999
33;46;300;337
33;47;304;338
33;48;340;471
33;147;349;368
33;52;712;918
33;53;729;827
33;54;715;902
34;65;743;936
34;66;737;919
34;164;422;939
34;454;464;635
34;161;438;944
34;73;858;960
34;143;737;813
34;144;720;780
34;145;213;891
34;146;269;854
34;416;654;681
34;148;262;271
34;409;659;771
34;415;651;686
34;35;729;807
34;36;666;759
34;38;907;994
34;46;311;349
34;47;315;357
34;48;340;462
34;147;349;363
34;52;718;918
34;53;734;827
34;54;721;902
35;450;442;741
35;451;496;835
35;143;166;236
35;144;226;299
35;147;381;519
35;148;468;549
35;149;272;333
35;150;199;255
35;151;439;535
35;152;482;653
35;153;474;659
35;101;807;1000
35;36;98;112
35;37;236;254
35;38;203;212
35;39;434;562
35;40;440;562
35;41;631;771
35;42;636;770
35;46;699;809
35;47;708;815
36;450;442;835
36;451;479;929
36;454;852;968
36;143;242;335
36;144;293;394
36;147;326;499
36;148;406;490
36;149;295;413
36;150;230;335
36;151;440;602
36;152;411;610
36;153;403;616
36;101;726;957
36;100;768;996
36;37;332;353
36;38;298;310
36;39;530;661
36;40;536;660
36;41;725;865
36;42;730;864
36;46;610;715
36;47;619;721
37;450;559;821
37;451;638;915
37;143;206;292
37;144;252;380
37;147;586;730
37;148;676;760
37;149;311;424
37;150;261;363
37;151;478;628
37;152;656;867
37;153;653;873
37;38;35;91
37;39;226;316
37;40;228;316
37;41;432;551
37;42;434;542
37;43;702;890
37;44;682;877
37;45;846;978
38;450;545;797
38;451;621;891
38;143;191;267
38;144;243;355
38;147;559;706
38;148;649;735
38;149;286;379
38;150;232;319
38;151;457;584
38;152;624;823
38;153;620;829
38;39;257;358
38;40;260;356
38;41;464;592
38;42;466;583
38;43;735;912
38;44;716;915
38;45;880;999
39;450;608;831
39;40;13;65
39;41;207;234
39;42;209;226
39;43;481;596
39;44;460;561
39;45;659;902
39;451;701;925
39;143;324;376
39;144;325;406
39;147;717;780
39;148;805;870
39;149;529;732
39;150;485;671
39;151;686;936
40;450;620;838
40;41;206;241
40;42;207;233
40;43;477;603
40;44;457;568
40;45;651;909
40;451;712;932
40;143;333;383
40;144;335;413
40;147;727;787
40;148;815;878
40;149;529;730
40;150;486;669
40;151;684;935
41;450;712;872
41;42;14;61
41;43;286;378
41;44;263;343
41;45;519;688
41;451;807;966
41;143;499;543
41;144;480;573
41;147;869;947
41;149;733;957
41;150;691;891
42;450;723;867
42;43;279;369
42;44;257;334
42;45;508;676
42;451;819;961
42;143;507;542
42;144;489;572
42;147;878;946
42;149;733;956
42;150;692;890
43;144;765;907
43;450;974;988
43;44;27;56
43;45;308;324
43;143;785;905
44;144;740;872
44;450;948;961
44;45;331;373
44;143;762;870
46;416;578;635
46;454;251;352
46;143;775;901
46;144;784;906
46;147;402;489
46;148;333;446
46;409;612;767
46;100;717;828
46;415;582;653
46;101;683;825
46;47;10;54
46;48;499;674
46;52;682;873
46;53;717;879
46;54;678;857
47;416;570;631
47;454;242;340
47;143;784;911
47;144;793;914
47;147;411;497
47;148;342;454
47;409;604;762
47;100;717;826
47;415;574;649
47;101;683;824
47;48;496;670
47;52;675;869
47;53;709;875
47;54;670;852
48;450;782;900
48;399;481;649
48;145;374;453
48;146;325;415
48;147;688;821
48;148;599;729
48;407;501;613
48;408;476;583
48;409;417;567
48;416;440;495
48;164;377;501
48;165;815;961
48;166;797;935
48;52;454;613
48;53;452;585
48;54;462;630
48;415;432;482
48;189;803;973
48;190;834;959
48;65;405;493
48;66;399;476
48;451;687;805
48;452;773;820
48;453;760;798
48;454;471;555
48;73;533;596
48;1354;866;990
48;161;391;506
49;75;412;419
49;76;815;906
49;66;776;894
49;77;809;940
49;344;825;854
49;399;734;919
49;1354;311;392
49;453;487;667
49;65;772;875
49;175;580;926
49;189;383;510
49;50;181;270
49;51;191;267
49;73;665;860
49;452;493;670
49;74;334;355
49;190;402;532
50;192;609;850
50;74;515;538
50;75;592;622
50;452;462;578
50;66;651;796
50;399;585;684
50;1354;224;300
50;453;447;575
50;65;644;777
50;174;771;963
50;175;671;834
50;51;14;95
50;73;570;763
50;189;309;412
50;190;375;440
50;191;637;902
51;192;599;845
51;74;524;551
51;75;600;632
51;452;473;589
51;66;654;808
51;399;585;679
51;1354;233;311
51;453;457;586
51;65;646;789
51;174;785;974
51;175;685;845
51;73;576;774
51;189;318;423
51;190;386;452
51;191;627;897
52;65;339;345
52;73;266;357
52;1354;601;832
52;175;692;905
52;452;409;559
52;66;321;328
52;399;471;501
52;174;747;882
52;409;72;283
52;416;123;247
52;454;474;696
52;453;409;552
52;71;800;993
52;53;50;95
52;54;17;28
52;415;113;249
52;189;518;776
52;190;495;709
53;192;884;988
53;65;295;307
53;73;216;291
53;1354;556;766
53;175;679;851
53;452;373;493
53;66;277;290
53;399;425;463
53;146;777;998
53;416;171;305
53;174;740;847
53;409;115;341
53;454;516;754
53;453;371;487
53;54;65;86
53;415;160;306
53;189;474;711
53;190;456;643
54;65;355;361
54;73;279;373
54;1354;611;848
54;175;689;896
54;452;415;575
54;66;337;344
54;399;487;517
54;98;787;986
54;416;112;230
54;174;743;873
54;409;67;267
54;99;791;986
54;454;466;680
54;453;416;569
54;71;784;977
54;55;814;997
54;56;817;989
54;415;104;232
54;189;528;793
54;190;502;725
55;416;740;993
55;98;190;378
55;67;465;604
55;68;427;574
55;69;465;605
55;70;425;575
55;71;48;84
55;72;24;129
55;99;158;340
55;56;21;101
55;57;277;278
55;58;235;318
56;416;745;985
56;98;210;401
56;67;473;633
56;68;434;603
56;69;472;633
56;70;433;603
56;71;66;113
56;72;41;158
56;99;178;362
56;57;269;375
56;58;226;322
56;415;758;999
57;98;410;652
57;67;332;690
57;68;301;646
57;69;332;691
57;70;301;650
57;71;318;358
57;72;270;403
57;99;382;614
57;58;44;593
57;59;960;968
58;99;348;580
58;72;229;375
58;98;377;618
58;67;353;850
58;68;320;820
58;69;354;851
58;70;320;821
58;71;277;330
59;64;303;546
59;1334;263;300
59;1335;269;308
59;270;693;932
59;271;675;919
59;1336;481;580
59;1337;496;579
59;244;445;457
59;245;414;435
59;246;736;769
59;247;752;793
59;248;916;978
59;60;48;218
59;61;99;283
59;62;94;282
59;63;324;586
60;64;345;536
60;1334;217;252
60;1335;222;259
60;270;687;904
60;271;669;890
60;1336;439;531
60;1337;454;530
60;244;415;429
60;245;381;394
60;246;707;740
60;247;721;752
60;248;890;949
60;249;910;973
60;61;129;267
60;62;129;280
60;63;364;569
61;64;224;275
61;1334;307;349
61;1335;317;356
61;270;620;981
61;271;601;967
61;244;424;506
61;245;399;484
61;246;706;818
61;247;725;842
61;1336;493;628
61;1337;509;627
61;62;14;205
61;63;239;308
62;64;220;263
62;1334;314;362
62;1335;324;369
62;270;633;994
62;271;614;980
62;244;438;519
62;245;412;497
62;246;720;831
62;247;739;855
62;1336;504;641
62;1337;520;640
62;63;237;310
63;64;39;110
63;67;658;778
63;68;682;791
63;69;659;779
63;70;685;794
63;244;583;792
63;245;569;770
63;1334;538;651
63;1335;550;659
63;1336;691;931
63;1337;707;930
64;67;662;859
64;68;684;815
64;69;663;860
64;70;687;818
64;244;592;759
64;245;576;737
64;1334;529;618
64;1335;540;626
64;1336;693;897
64;1337;709;896
65;409;374;571
65;66;19;20
65;399;134;158
65;145;753;874
65;146;680;800
65;407;738;957
65;416;434;545
65;164;651;795
65;175;818;958
65;415;422;537
65;189;409;482
65;190;460;613
65;191;651;769
65;192;597;715
65;194;794;922
65;452;422;536
65;453;402;511
65;454;708;944
65;161;657;800
65;73;183;256
65;1354;465;499
65;408;732;928
66;399;152;177
66;145;752;857
66;146;680;819
66;407;745;976
66;409;356;554
66;416;416;528
66;164;655;814
66;175;809;941
66;415;404;520
66;189;410;501
66;190;457;632
66;191;669;788
66;192;615;734
66;194;812;941
66;452;415;519
66;453;396;494
66;454;693;927
66;161;662;819
66;73;173;239
66;1354;468;518
66;408;738;947
67;98;462;623
67;99;453;540
67;68;39;48
67;69;1;9
67;70;41;48
67;71;477;532
67;72;444;485
68;98;427;593
68;69;39;48
68;70;3;7
68;71;439;502
68;72;406;455
68;99;418;510
69;98;461;624
69;70;40;49
69;71;477;532
69;72;444;485
69;99;453;540
70;98;425;594
70;71;437;502
70;72;404;455
70;99;416;510
71;416;707;972
71;98;148;357
71;72;48;57
71;99;117;319
71;415;720;986
72;99;144;364
72;98;176;403
73;399;271;353
73;145;900;997
73;146;836;960
73;409;328;585
73;416;386;559
73;174;719;798
73;175;636;714
73;415;375;551
73;189;283;467
73;190;302;426
73;191;753;759
73;192;699;705
73;194;901;912
73;452;247;293
73;453;231;265
73;454;720;957
73;1354;358;485
74;452;690;823
74;75;87;180
74;76;487;560
74;77;476;592
74;78;655;787
74;79;608;763
74;344;503;535
74;345;667;725
74;1354;597;636
74;453;696;838
74;96;453;880
74;97;458;777
74;189;645;754
74;190;615;777
75;452;774;920
75;453;780;935
75;76;404;488
75;77;399;521
75;78;580;706
75;79;533;692
75;344;418;435
75;345;581;639
75;1354;683;731
75;96;428;809
75;97;417;707
75;189;731;849
75;190;700;872
76;77;68;183
76;78;201;291
76;79;162;322
76;82;528;615
76;83;513;593
76;85;858;936
76;344;65;101
76;345;211;236
76;94;528;764
76;95;552;781
76;96;413;495
76;97;334;429
76;241;693;978
76;1320;621;978
76;114;712;809
76;115;612;826
76;117;893;925
77;78;182;318
77;79;136;257
77;82;529;649
77;83;516;627
77;85;863;970
77;344;133;186
77;345;266;271
77;94;462;607
77;95;486;624
77;96;349;375
77;97;269;272
77;241;627;821
77;1320;588;962
77;240;682;930
77;114;770;857
77;115;671;874
77;117;953;995
78;79;47;129
78;82;353;447
78;83;341;425
78;84;742;837
78;85;687;769
78;344;238;295
78;345;252;342
78;93;434;870
78;94;432;735
78;95;450;752
78;96;432;505
78;97;348;401
78;1320;422;811
78;241;592;949
78;114;718;820
78;115;626;836
78;117;908;979
79;82;399;478
79;83;388;456
79;84;788;868
79;85;733;799
79;344;206;325
79;345;251;373
79;93;474;900
79;94;425;698
79;95;445;715
79;96;398;466
79;97;313;364
79;1320;460;841
79;241;588;912
79;114;735;850
79;115;640;867
80;235;608;832
80;391;734;778
80;392;829;921
80;396;601;650
80;395;697;762
80;236;673;875
80;237;482;520
80;238;439;506
80;239;395;413
80;81;97;117
80;380;513;514
80;381;598;625
81;235;700;933
81;391;638;701
81;392;733;808
81;396;680;743
81;395;773;855
81;236;761;974
81;237;570;613
81;238;533;607
81;239;482;505
81;380;420;509
81;381;504;512
82;402;339;898
82;83;20;57
82;84;391;410
82;85;334;341
82;86;764;810
82;87;704;747
82;344;537;615
82;345;433;518
82;90;693;759
82;91;721;787
82;92;409;802
82;93;269;650
82;94;639;979
82;95;645;948
82;96;748;865
82;97;671;834
82;1320;306;591
82;114;646;932
82;115;587;949
82;159;735;965
83;84;405;428
83;85;347;360
83;86;781;829
83;87;720;765
83;344;520;593
83;345;414;480
83;90;712;790
83;91;741;817
83;92;429;833
83;93;285;699
83;95;648;998
83;96;742;914
83;97;664;812
83;1320;319;641
83;402;358;948
83;114;629;874
83;115;569;891
83;159;754;996
84;91;474;677
84;402;334;808
84;89;709;841
84;85;66;70
84;86;401;410
84;87;334;346
84;88;686;931
84;345;797;908
84;90;452;649
84;92;309;692
84;159;618;855
85;402;332;868
85;93;434;992
85;1320;487;933
85;88;744;991
85;86;466;470
85;87;399;407
85;344;860;936
85;345;734;839
85;90;502;710
85;91;526;737
85;92;325;753
85;89;768;902
85;159;651;916
86;411;609;944
86;212;591;606
86;211;593;602
86;402;543;915
86;87;70;73
86;88;372;843
86;89;385;817
86;90;293;757
86;91;287;784
86;92;459;800
86;410;648;976
86;159;538;963
87;212;659;680
87;211;660;676
87;402;503;851
87;88;426;917
87;89;442;885
87;90;305;693
87;91;305;721
87;92;424;736
87;159;548;899
88;213;655;719
88;163;731;990
88;212;308;347
88;214;664;726
88;412;404;622
88;411;241;268
88;402;645;715
88;211;303;343
88;89;28;154
88;90;269;283
88;91;239;374
88;92;560;590
88;93;812;946
88;410;281;301
88;159;378;730
89;213;633;706
89;163;744;977
89;214;643;713
89;412;397;608
89;411;225;255
89;402;673;743
89;211;275;324
89;212;280;329
89;90;296;374
89;91;266;289
89;92;587;627
89;93;839;974
89;410;265;287
89;159;402;781
90;160;513;731
90;411;481;552
90;212;574;631
90;211;570;626
90;1320;581;723
90;412;580;814
90;402;380;434
90;410;516;584
90;91;30;93
90;92;293;309
90;93;551;665
90;159;245;449
91;402;409;461
91;211;541;600
91;212;545;604
91;213;879;982
91;214;888;989
91;411;454;531
91;92;322;346
91;93;581;693
91;410;490;563
91;159;254;499
91;160;524;782
91;1320;610;750
91;412;560;865
92;160;502;727
92;411;756;859
92;212;867;938
92;410;788;891
92;211;862;933
92;1320;309;418
92;159;345;444
92;402;90;129
92;93;269;357
92;94;748;914
92;95;739;878
93;160;537;816
93;345;622;940
93;413;693;795
93;94;499;558
93;95;495;520
93;96;694;859
93;97;636;866
93;163;824;929
93;1320;54;62
93;402;181;253
93;240;557;818
93;241;574;738
93;242;547;794
93;243;544;701
93;414;703;966
93;376;583;850
93;377;569;830
93;159;516;684
94;96;269;328
94;179;684;917
94;402;668;806
94;344;591;788
94;345;675;876
94;414;427;773
94;95;26;45
94;160;697;864
94;97;267;336
94;1320;449;499
94;174;664;880
94;175;723;886
94;240;222;351
94;241;166;242
94;242;479;601
94;243;414;508
94;376;558;691
94;377;551;673
94;413;428;602
95;96;292;345
95;243;388;486
95;402;660;773
95;344;615;805
95;345;696;893
95;159;835;990
95;160;675;842
95;97;293;353
95;177;528;983
95;1320;444;468
95;174;673;858
95;175;736;864
95;240;197;328
95;241;144;219
95;242;454;579
95;179;658;894
95;414;403;750
95;376;533;669
95;377;526;651
95;413;403;579
96;344;475;519
96;345;612;641
96;97;85;106
96;177;614;930
96;1320;652;800
96;176;647;949
96;174;508;805
96;175;535;810
96;240;462;652
96;241;387;542
96;242;742;902
96;243;673;809
96;376;822;992
96;377;815;974
96;413;650;902
97;344;397;457
97;345;529;542
97;176;710;957
97;177;682;938
97;1320;598;808
97;174;590;813
97;175;613;818
97;240;481;659
97;241;411;550
97;242;746;909
97;243;680;816
97;376;824;999
97;377;816;981
97;413;679;910
98;416;695;982
98;100;588;834
98;99;32;85
98;415;707;996
98;101;596;795
99;416;702;981
99;100;613;790
99;415;715;995
99;101;623;787
100;101;43;52
100;102;230;271
100;103;186;220
100;104;512;706
100;105;510;648
100;106;792;915
100;454;771;832
100;149;754;847
100;150;777;899
100;151;669;883
100;152;374;395
100;153;378;395
101;454;747;829
101;102;267;314
101;103;226;263
101;104;536;705
101;105;530;645
101;106;806;897
101;149;719;809
101;150;740;861
101;151;641;845
101;152;336;356
101;153;340;356
102;152;534;657
102;103;53;61
102;104;324;444
102;105;341;496
102;106;635;848
102;107;780;984
102;153;543;657
103;152;515;606
103;153;522;606
103;104;375;496
103;105;390;547
103;106;683;899
104;105;57;65
104;106;319;417
104;107;458;553
104;109;470;741
104;110;459;734
104;111;605;993
104;112;571;959
104;151;721;944
104;152;665;924
104;153;678;924
104;154;696;838
104;155;637;763
105;106;294;357
105;107;442;494
105;109;471;681
105;110;459;675
105;111;637;934
105;112;603;899
105;151;669;885
105;152;631;865
105;153;644;865
105;154;692;778
105;155;632;703
106;107;160;269
106;268;870;938
106;109;245;368
106;110;230;361
106;111;542;709
106;112;514;675
106;113;779;961
106;269;774;846
106;154;426;443
106;155;366;390
106;156;747;764
106;157;686;709
107;109;140;189
107;110;128;182
107;111;481;554
107;112;460;519
107;113;695;806
107;269;752;981
107;154;268;286
107;155;210;211
107;156;591;604
107;157;530;532
107;158;839;864
108;114;453;554
108;115;552;714
108;116;136;193
108;117;279;461
108;118;158;467
108;119;229;409
108;120;672;780
108;121;689;806
108;122;875;984
108;139;512;626
108;140;439;609
109;268;718;847
109;269;620;806
109;110;16;18
109;111;342;378
109;112;323;344
109;113;557;631
109;154;232;342
109;155;176;267
109;156;529;661
109;157;466;589
109;158;780;921
110;268;726;852
110;111;354;383
110;112;334;349
110;113;570;636
110;269;629;811
110;154;241;335
110;155;183;260
110;156;541;654
110;157;479;582
110;158;793;914
111;266;595;955
111;268;391;712
111;269;298;671
111;112;35;40
111;113;248;260
111;267;575;924
111;154;444;624
111;155;425;593
111;156;571;830
111;157;522;758
112;266;603;949
112;268;400;705
112;113;281;292
112;269;305;664
112;267;582;917
112;154;442;656
112;155;419;598
112;156;588;863
112;157;537;791
113;267;521;721
113;266;530;752
113;268;353;509
113;269;306;468
113;154;578;709
113;155;583;678
113;156;563;915
113;157;536;843
114;115;101;215
114;139;857;948
114;140;805;931
114;116;354;387
114;117;190;446
114;118;530;700
114;119;603;731
114;344;659;774
114;345;505;697
115;116;450;547
115;117;284;457
115;118;625;712
115;119;695;861
115;344;559;791
115;345;406;714
116;117;166;345
116;118;179;428
116;119;254;370
116;120;706;741
116;121;720;767
116;122;911;945
116;139;526;587
116;140;465;570
117;119;414;510
117;139;672;739
117;344;837;890
117;118;341;361
117;345;689;857
117;120;859;906
117;121;870;926
117;140;617;710
118;140;293;387
118;139;361;404
118;141;853;979
118;142;862;972
118;119;78;187
118;120;533;565
118;121;548;590
118;122;738;770
119;140;216;297
119;202;760;935
119;139;285;327
119;141;790;918
119;142;798;911
119;120;455;494
119;121;470;514
119;122;660;698
120;128;698;947
120;139;193;235
120;140;242;265
120;138;693;935
120;203;466;737
120;204;572;843
120;141;492;726
120;142;490;713
120;205;699;982
120;272;575;997
120;273;542;922
120;206;652;917
120;121;25;65
120;122;206;208
120;123;771;887
120;124;751;848
120;202;429;652
120;127;678;919
121;128;708;945
121;139;201;238
121;140;256;285
121;138;704;933
121;203;443;740
121;204;549;845
121;141;505;724
121;142;502;712
121;205;675;984
121;272;553;1000
121;273;519;924
121;206;628;920
121;122;193;206
121;123;766;883
121;124;744;844
121;202;405;654
121;127;687;917
122;128;611;768
122;129;726;920
122;203;470;928
122;137;790;942
122;138;615;756
122;139;393;426
122;141;446;546
122;142;437;534
122;140;447;469
122;123;584;681
122;124;558;641
122;125;713;992
122;202;384;843
122;127;592;740
123;128;458;610
123;129;789;983
123;136;670;962
123;137;691;876
123;138;487;662
123;141;538;608
123;142;521;592
123;274;744;851
123;275;551;707
123;277;874;978
123;124;57;67
123;125;291;311
123;126;305;342
123;127;456;611
124;128;497;678
124;137;733;944
124;138;525;729
124;141;557;631
124;142;539;615
124;274;706;859
124;275;509;715
124;277;835;986
124;125;346;378
124;126;361;394
124;127;493;678
125;128;270;303
125;129;608;708
125;135;795;936
125;136;379;655
125;137;456;569
125;138;299;354
125;141;455;559
125;142;442;555
125;126;17;34
125;127;280;304
126;128;274;297
126;129;609;702
126;135;784;913
126;136;365;632
126;137;452;562
126;138;302;348
126;141;464;554
126;142;452;550
126;127;285;316
127;128;21;81
127;129;340;408
127;130;794;940
127;135;678;892
127;136;406;611
127;137;248;284
127;138;33;69
127;141;202;259
127;142;197;255
128;129;344;417
128;130;793;949
128;135;664;871
128;136;386;590
128;137;239;277
128;138;31;63
128;141;222;269
128;142;217;265
129;130;467;548
129;131;789;904
129;134;561;904
129;135;545;838
129;136;544;580
129;137;210;265
129;138;314;389
129;141;304;376
129;142;321;401
130;131;336;364
130;132;603;676
130;133;530;734
130;134;325;476
130;135;521;731
130;137;580;743
130;138;764;909
130;141;765;908
130;142;782;933
131;132;267;318
131;133;318;717
131;134;382;459
131;135;630;716
132;133;347;408
132;134;583;758
133;134;327;351
133;135;505;607
134;135;250;258
134;136;674;809
134;137;553;741
134;138;768;956
135;136;453;550
135;137;444;650
135;138;647;857
136;137;334;377
136;138;390;576
136;141;596;787
136;142;595;790
137;138;215;215
137;141;346;425
137;142;354;428
138;141;209;257
138;142;207;253
139;272;718;957
139;201;645;902
139;204;617;802
139;200;598;928
139;202;491;611
139;203;477;697
139;140;80;98
139;141;643;943
139;142;644;932
139;205;755;941
139;206;701;877
139;273;671;881
140;203;554;791
140;204;696;897
140;201;701;988
140;202;570;706
140;141;642;969
140;142;646;962
140;206;779;971
140;273;746;976
141;142;19;77
143;450;355;531
143;451;432;625
143;144;66;90
143;145;777;977
143;147;398;464
143;148;488;554
143;149;404;416
143;150;333;355
143;151;580;621
143;152;646;859
143;153;638;865
144;450;310;465
144;451;394;559
144;145;743;911
144;147;394;430
144;148;482;521
144;149;469;498
144;150;398;419
144;151;645;700
144;152;701;924
144;153;693;930
145;451;351;366
145;161;256;301
145;450;442;447
145;146;96;113
145;416;782;946
145;407;335;355
145;408;294;309
145;399;794;878
145;415;776;933
145;164;244;300
145;165;677;703
145;166;653;672
145;168;943;963
146;451;443;465
146;454;677;969
146;161;171;206
146;407;265;277
146;399;712;768
146;450;533;560
146;416;755;909
146;408;226;247
146;409;738;981
146;415;748;896
146;164;157;205
146;165;613;625
146;166;590;599
146;167;912;924
146;168;882;891
147;450;255;890
147;451;224;984
147;454;649;775
147;148;91;104
147;149;619;837
147;150;555;758
148;416;853;945
148;450;301;981
148;454;573;732
148;149;697;866
148;150;635;788
148;415;853;950
149;450;713;939
149;150;74;88
149;151;177;212
149;152;390;462
149;153;391;468
150;450;641;861
150;451;692;955
150;151;247;290
150;152;405;514
150;153;404;520
151;153;359;504
151;152;352;498
152;153;14;16
154;155;61;77
154;156;324;336
154;157;263;281
154;158;571;603
155;156;382;395
155;157;321;323
155;158;631;655
156;158;252;277
156;157;63;81
157;158;315;337
159;413;762;854
159;410;507;711
159;160;273;296
159;163;476;791
159;1320;523;643
159;412;490;579
159;402;398;458
159;240;764;879
159;241;827;946
159;242;532;576
159;243;593;646
159;376;492;604
159;377;484;584
159;411;485;679
160;179;362;875
160;402;508;741
160;410;678;889
160;413;508;559
160;414;523;738
160;162;376;710
160;163;289;497
160;1320;517;772
160;412;589;757
160;240;555;590
160;241;628;666
160;242;282;282
160;243;353;366
160;376;227;310
160;377;221;289
160;411;668;857
161;451;577;661
161;399;657;757
161;450;658;749
161;407;113;175
161;408;85;146
161;415;820;987
161;416;829;1000
161;164;17;17
161;165;454;524
161;166;432;498
161;167;752;822
161;168;723;790
161;169;906;975
161;170;862;932
162;163;88;339
162;243;558;623
162;188;552;627
162;242;490;539
162;240;773;847
162;241;851;923
162;178;333;666
162;179;334;464
162;180;632;764
162;181;766;902
162;377;421;458
162;376;412;452
162;185;638;761
162;186;642;781
162;187;574;660
162;412;527;987
162;413;626;817
162;414;638;952
163;179;308;573
163;377;353;379
163;410;661;787
163;411;668;754
163;412;511;654
163;414;599;916
163;1320;801;885
163;178;312;769
163;413;586;737
163;240;716;768
163;241;794;844
163;242;426;460
163;243;497;544
163;180;719;842
163;181;852;980
163;376;347;373
163;185;708;839
163;186;710;859
163;187;648;738
163;188;625;705
164;451;568;660
164;399;653;752
164;450;651;748
164;407;129;174
164;408;99;145
164;415;807;982
164;416;815;995
164;165;470;523
164;166;448;497
164;167;768;821
164;168;739;789
164;170;878;931
164;169;922;974
165;192;799;902
165;194;799;930
165;166;25;102
165;167;300;308
165;168;270;278
165;170;409;417
165;407;349;356
165;169;453;460
165;408;388;395
165;191;803;890
166;192;807;878
166;194;812;953
166;167;323;331
166;168;292;291
166;169;476;483
166;170;432;440
166;191;813;866
166;407;326;330
166;408;365;364
167;194;812;999
167;193;812;997
167;168;32;40
167;169;154;162
167;170;110;119
167;171;675;734
167;407;648;655
167;408;687;694
168;194;815;976
168;169;184;192
168;170;140;149
168;171;695;753
168;407;618;622
168;408;657;656
169;408;840;846
169;407;801;807
169;170;45;52
169;171;550;595
169;172;876;952
170;194;854;992
170;193;842;990
170;171;582;640
170;172;910;997
170;407;757;764
170;408;796;803
171;172;330;361
171;173;494;569
172;173;184;288
174;452;495;506
174;453;520;533
174;241;657;847
174;1354;645;741
174;190;506;547
174;240;723;918
174;175;103;132
174;176;568;582
174;177;506;563
174;414;793;982
174;189;610;636
175;452;403;423
175;1354;543;612
175;241;734;853
175;453;427;449
175;240;803;923
175;176;670;701
175;177;608;671
175;189;510;552
175;190;407;418
176;243;506;666
176;241;404;850
176;242;565;731
176;240;408;755
176;177;62;79
176;178;568;592
176;179;570;610
176;376;615;821
176;377;621;822
176;413;335;456
176;414;320;423
177;240;424;800
177;243;545;711
177;242;607;776
177;241;409;895
177;178;625;664
177;179;627;655
177;376;662;866
177;377;666;867
177;413;379;501
177;414;364;468
178;240;480;889
178;179;18;535
178;241;554;984
178;242;256;865
178;243;294;800
178;376;212;955
178;377;226;956
178;413;304;590
178;414;314;557
179;240;470;623
179;241;544;718
179;242;240;592
179;243;280;534
179;180;870;986
179;414;308;496
179;377;209;683
179;376;195;682
179;185;948;995
179;187;878;894
179;188;857;861
179;413;298;404
180;182;643;687
180;184;792;981
180;185;307;919
180;186;333;940
180;187;253;639
180;188;259;785
180;181;137;139
181;182;521;563
181;183;787;921
181;184;676;900
181;187;313;776
181;188;328;923
182;184;640;861
182;183;462;513
183;216;752;924
183;215;726;883
183;184;380;422
183;217;457;675
183;218;465;674
183;219;592;811
183;220;560;830
184;219;718;847
184;220;658;866
184;215;386;474
184;400;278;733
184;401;304;777
184;216;429;514
184;217;336;711
184;186;708;793
184;187;764;818
184;188;787;841
184;218;354;711
184;185;706;773
185;401;578;618
185;400;637;691
185;216;318;355
185;213;652;724
185;214;646;717
185;215;381;432
185;186;26;32
185;187;79;586
185;188;95;140
186;401;568;638
186;400;628;711
186;213;627;695
186;214;620;689
186;215;373;452
186;216;310;375
186;410;771;992
186;187;98;606
186;188;111;160
187;401;652;685
187;400;711;736
187;216;392;422
187;213;695;818
187;214;689;811
187;215;455;476
187;188;24;653
188;401;672;686
188;400;731;758
188;216;411;422
188;213;689;852
188;214;684;845
188;215;475;499
189;192;670;871
189;452;168;233
189;399;410;526
189;416;640;978
189;453;147;224
189;415;631;970
189;1354;86;134
189;190;107;248
189;191;715;923
190;409;566;937
190;452;92;163
190;399;486;657
190;1354;168;197
190;415;605;902
190;416;612;911
190;453;86;160
191;192;55;60
191;194;149;160
191;394;883;939
191;1354;680;925
191;399;517;627
191;193;241;257
191;393;625;682
192;194;202;213
192;394;936;991
192;452;812;990
192;1354;638;873
192;399;463;572
192;453;785;962
192;193;294;309
192;393;679;734
193;449;665;827
193;194;94;114
193;393;386;454
193;394;644;711
193;397;800;932
193;399;754;876
194;394;735;796
194;449;754;923
194;393;477;539
194;399;661;780
195;449;538;685
195;435;818;934
195;196;82;107
195;197;100;131
195;198;276;276
195;199;388;479
195;397;763;933
195;436;731;806
196;449;458;596
196;435;792;900
196;197;77;100
196;198;354;384
196;199;466;484
196;397;681;845
196;436;711;765
197;449;493;583
197;435;726;803
197;198;327;408
197;199;434;502
197;397;697;835
197;436;642;675
198;449;811;961
198;199;114;755
198;201;813;949
199;200;765;869
199;201;707;808
200;272;729;764
200;201;69;381
200;202;412;436
200;203;289;309
200;204;372;489
200;205;457;623
200;206;409;565
200;207;666;907
200;208;669;920
200;273;653;689
201;272;795;846
201;202;480;520
201;203;357;438
201;204;435;483
201;205;511;616
201;206;466;548
201;207;700;900
201;208;702;902
201;273;719;771
202;272;332;400
202;203;124;140
202;204;146;246
202;205;272;385
202;206;224;345
202;207;559;673
202;208;575;696
202;273;259;325
202;275;896;971
203;272;452;469
203;204;156;194
203;205;293;327
203;206;235;270
203;207;575;612
203;208;588;625
203;273;377;393
204;272;369;477
204;273;295;402
204;205;140;141
204;206;84;134
204;207;427;429
204;208;441;456
204;209;860;883
204;210;858;883
204;275;904;986
205;272;375;616
205;273;313;541
205;206;59;75
205;207;289;288
205;208;304;315
205;209;722;742
205;210;720;742
206;272;379;578
206;273;311;502
206;210;775;789
206;207;343;358
206;208;357;358
206;209;777;799
207;272;555;786
207;273;521;789
207;208;23;73
207;209;434;462
207;210;432;461
208;288;627;986
208;289;625;980
208;273;543;786
208;272;577;783
208;209;421;440
208;210;419;430
209;288;420;556
209;289;414;549
209;262;559;855
209;263;550;853
209;264;489;673
209;265;484;663
209;210;11;67
210;288;431;566
210;289;425;559
210;262;569;865
210;263;560;863
210;264;500;684
210;265;495;673
211;411;214;444
211;412;402;707
211;212;12;13
211;213;423;443
211;214;434;450
211;410;227;476
212;411;225;448
212;412;414;718
212;213;429;454
212;214;439;461
212;410;238;481
213;412;414;593
213;215;704;894
213;411;425;465
213;216;686;818
213;214;11;12
213;410;391;420
214;412;419;600
214;215;695;888
214;411;434;471
214;216;676;811
214;410;400;427
215;401;198;531
215;400;256;269
215;216;64;268
215;217;674;735
215;218;692;818
216;400;320;527
216;401;261;273
216;217;729;816
216;218;747;886
217;400;459;476
217;219;432;438
217;401;516;548
217;218;19;88
217;220;365;384
217;221;695;703
217;222;681;700
218;400;476;558
218;219;416;433
218;401;533;619
218;220;349;353
218;221;679;698
218;222;665;677
219;224;631;656
219;400;890;908
219;401;945;981
219;220;69;86
219;221;264;268
219;222;251;280
219;223;711;717
220;224;696;706
220;400;823;854
220;401;879;915
220;221;330;350
220;222;317;326
220;223;777;797
221;224;368;459
221;225;902;917
221;226;925;953
221;222;20;83
221;223;448;450
222;224;380;380
222;225;915;951
222;226;939;967
222;223;460;484
223;224;82;105
223;225;460;472
223;226;482;510
224;225;541;572
224;226;564;588
225;226;25;85
225;227;778;935
225;228;745;889
226;227;775;918
226;228;741;872
227;228;51;62
227;229;286;296
227;230;330;375
227;231;621;727
227;232;652;765
227;233;839;982
227;234;833;967
228;229;334;348
228;230;380;427
228;231;672;779
228;232;703;818
229;230;64;110
229;231;380;481
229;232;399;511
229;233;576;736
229;234;568;713
229;1131;711;815
229;1132;649;743
230;231;318;376
230;232;338;414
230;233;518;630
230;234;510;616
230;1131;662;794
230;1132;597;722
231;256;773;920
231;232;49;287
231;233;228;254
231;234;229;335
231;1131;428;537
231;1132;352;465
232;256;729;876
232;257;806;961
232;233;189;276
232;234;187;208
232;1131;381;493
232;1132;306;421
232;260;841;964
233;256;549;665
233;257;623;750
233;260;653;753
233;234;21;80
233;1131;223;282
233;1132;150;211
233;261;741;849
234;256;545;680
234;257;621;765
234;260;656;768
234;1131;211;297
234;1132;137;225
234;261;744;864
235;352;572;741
235;353;467;598
235;354;592;766
235;356;807;970
235;359;668;809
235;360;769;913
235;396;547;595
235;395;626;694
235;236;116;143
235;237;413;437
235;238;328;338
235;239;427;456
235;343;765;942
235;378;460;573
235;379;532;646
235;348;622;853
235;349;610;808
235;382;672;901
236;352;504;655
236;353;385;512
236;354;503;680
236;379;434;512
236;356;703;920
236;359;577;675
236;360;684;780
236;396;662;719
236;237;527;561
236;238;440;461
236;239;537;561
236;343;665;892
236;395;740;817
236;378;356;525
236;347;710;961
236;348;664;867
236;349;633;822
236;382;628;815
237;384;495;593
237;385;609;679
237;386;537;612
237;387;819;957
237;388;760;931
237;421;850;959
237;422;755;842
237;396;159;173
237;395;259;262
237;238;98;119
237;239;88;114
237;378;842;994
237;383;529;669
237;348;692;773
237;349;742;858
237;350;565;735
237;351;569;710
238;384;589;697
238;353;778;926
238;386;616;725
238;395;354;375
238;422;850;946
238;385;686;793
238;396;256;277
238;239;103;130
238;383;619;773
238;378;746;895
238;379;804;964
238;348;697;808
238;349;734;893
238;350;623;838
238;351;613;790
239;384;556;660
239;385;689;771
239;386;617;699
239;395;323;354
239;422;775;908
239;348;773;836
239;396;222;239
239;383;597;735
239;380;901;927
239;349;818;921
239;350;652;826
239;351;657;802
240;413;207;308
240;1320;503;774
240;241;78;318
240;242;294;307
240;243;220;243
240;414;207;479
240;376;372;398
240;377;368;399
241;243;297;310
241;402;721;991
241;413;269;403
241;1320;521;686
241;242;371;403
241;414;266;574
241;376;450;493
241;377;446;475
242;412;855;972
242;413;230;277
242;414;245;455
242;1320;503;750
242;243;75;167
242;376;80;89
242;377;75;91
243;402;627;954
243;413;176;219
243;414;190;391
243;1320;497;657
243;376;153;195
243;377;150;174
244;258;739;773
244;259;768;803
244;246;293;311
244;266;651;756
244;267;672;784
244;268;855;995
244;270;400;474
244;271;387;461
244;1336;163;224
244;1337;174;223
244;1335;289;491
244;251;856;952
244;245;39;46
244;1334;278;499
244;247;307;345
244;248;481;520
244;249;500;543
244;250;864;963
245;258;771;798
245;259;800;828
245;246;328;358
245;266;676;802
245;267;697;831
245;270;432;521
245;271;418;508
245;248;517;567
245;1337;160;213
245;251;894;999
245;1334;239;476
245;1335;250;482
245;1336;147;214
245;249;536;590
245;247;341;370
246;258;450;474
246;259;481;504
246;266;649;753
246;267;678;791
246;268;837;992
246;270;372;473
246;271;372;475
246;248;198;217
246;1337;341;534
246;251;596;648
246;1334;555;811
246;1335;563;803
246;1336;346;535
246;249;215;240
246;250;602;659
246;247;27;98
247;1337;343;546
247;258;432;442
247;1334;564;822
247;266;675;803
247;267;704;832
247;270;398;522
247;271;398;509
247;1336;348;547
247;259;463;472
247;1335;571;815
247;248;196;220
247;249;211;234
247;250;603;655
247;251;598;651
248;1337;538;743
248;258;309;475
248;266;644;962
248;270;403;682
248;271;411;684
248;259;341;445
248;1336;543;744
248;249;21;106
248;250;409;443
248;251;404;431
248;252;609;860
248;253;594;834
249;258;289;448
249;259;321;418
249;266;659;985
249;270;421;705
249;271;430;707
249;1336;558;768
249;1337;553;767
249;250;396;430
249;251;392;425
249;252;590;847
249;253;574;821
250;258;419;582
250;259;430;552
250;266;723;978
250;268;790;941
250;270;620;847
250;271;637;865
250;251;15;69
250;252;342;416
250;253;322;391
250;254;664;771
250;255;598;686
251;258;424;577
251;259;437;547
251;266;709;965
251;268;776;907
251;269;846;992
251;270;608;834
251;271;625;852
251;252;356;434
251;253;336;409
251;254;678;789
251;255;611;704
252;257;899;941
252;258;411;999
252;259;397;969
252;253;21;32
252;254;350;363
252;255;277;286
253;257;912;961
253;258;403;973
253;259;390;943
253;254;366;382
253;255;294;297
254;256;658;672
254;257;570;592
254;255;74;85
255;256;729;753
255;257;640;663
256;257;90;103
256;260;216;914
256;1131;358;425
256;1132;428;565
257;1132;509;652
257;260;150;987
257;1131;443;513
258;259;33;40
258;260;693;842
258;261;609;758
258;270;709;940
258;271;718;937
258;1336;749;975
258;1337;739;974
259;260;666;812
259;261;581;728
259;270;740;970
259;271;750;967
260;261;92;102
260;1131;511;539
260;1132;566;659
261;1131;603;635
261;1132;657;755
262;288;283;305
262;289;280;320
262;310;199;279
262;263;15;75
262;264;179;187
262;265;188;194
262;311;168;244
262;274;756;978
262;434;423;570
262;276;573;825
262;277;644;847
262;278;465;662
262;279;477;660
262;280;580;816
262;281;499;789
262;314;557;613
262;313;515;643
262;312;609;754
263;288;286;316
263;289;283;308
263;310;208;275
263;264;185;198
263;265;194;205
263;311;181;240
263;274;768;990
263;434;438;566
263;276;587;821
263;277;657;859
263;278;480;658
263;279;492;656
263;280;590;812
263;281;510;785
263;314;544;596
263;313;514;640
263;312;607;750
264;288;113;123
264;289;113;164
264;310;339;455
264;265;10;12
264;311;270;419
264;274;615;829
264;434;392;657
264;276;474;688
264;277;518;698
264;278;448;745
264;279;428;743
264;280;680;991
264;281;588;964
264;314;703;789
264;313;690;819
264;312;783;929
265;288;104;113
265;289;104;170
265;310;348;461
265;311;279;426
265;274;611;836
265;434;396;664
265;276;473;695
265;277;515;704
265;278;452;751
265;279;430;749
265;280;687;998
265;281;595;971
265;314;709;796
265;313;699;826
265;312;792;936
266;268;205;243
266;267;32;279
266;271;285;306
266;269;299;365
266;270;280;290
266;1337;821;979
266;1336;812;980
267;268;186;283
267;269;278;334
267;270;308;328
267;271;312;335
268;269;98;122
268;271;484;545
268;270;477;529
269;270;574;652
269;271;581;659
270;271;19;177
270;1336;554;699
270;1337;560;698
270;1334;645;974
270;1335;659;966
271;1336;542;685
271;1337;549;684
271;1334;628;960
271;1335;642;953
272;273;76;87
272;274;732;866
272;275;567;658
272;277;820;993
273;275;638;661
273;274;798;869
273;277;880;996
274;288;590;903
274;289;598;962
274;310;793;854
274;311;711;756
274;417;704;888
274;434;471;511
274;275;205;223
274;276;251;269
274;277;131;143
274;278;496;510
274;279;415;428
274;280;895;919
274;281;810;824
275;417;813;966
275;311;885;936
275;434;668;691
275;276;453;476
275;277;330;350
275;278;698;718
275;279;615;636
276;288;495;762
276;289;503;821
276;310;567;666
276;311;492;585
276;434;222;265
276;277;124;138
276;278;246;261
276;279;164;179
276;280;645;670
276;281;559;575
277;288;512;772
277;289;520;831
277;310;667;722
277;311;587;625
277;434;340;380
277;278;368;379
277;279;286;297
277;280;768;788
277;281;681;693
278;288;520;819
278;289;526;878
278;311;328;422
278;434;60;101
278;312;777;979
278;310;382;503
278;279;84;96
278;280;401;422
278;281;314;327
278;282;762;796
278;283;840;890
278;313;704;886
279;288;485;817
279;289;491;876
279;310;428;500
279;434;65;99
279;312;847;977
279;311;362;420
279;280;484;504
279;281;396;409
279;282;844;878
279;283;922;972
279;313;770;884
280;281;97;111
280;282;378;387
280;283;466;481
280;284;691;913
280;285;644;873
280;1187;662;975
280;1130;588;832
280;434;439;507
280;310;386;552
280;311;420;643
280;312;488;778
280;313;453;685
280;315;781;799
280;316;695;711
281;315;877;896
281;310;313;525
281;1130;664;929
281;311;334;615
281;434;347;415
281;312;513;751
281;313;461;658
281;282;475;485
281;283;562;578
281;316;792;808
281;285;717;970
282;283;94;110
282;406;730;780
282;1267;773;799
282;1187;501;604
282;284;495;555
282;1130;389;461
282;1268;738;763
282;434;807;881
282;403;896;987
282;316;321;331
282;405;641;693
282;310;730;926
282;312;576;830
282;313;604;925
282;315;408;418
282;285;465;515
283;1187;461;550
283;406;701;761
283;1267;685;714
283;284;518;575
283;1130;346;406
283;434;887;975
283;403;877;938
283;1268;651;678
283;405;608;639
283;312;655;873
283;313;689;969
283;315;316;334
283;316;230;246
283;285;496;544
284;1130;863;926
284;308;653;801
284;309;649;811
284;310;857;982
284;312;431;509
284;313;520;594
284;315;636;882
284;316;575;794
284;285;50;147
285;316;573;764
285;1130;841;895
285;308;699;795
285;309;694;805
285;310;808;934
285;312;387;462
285;313;474;547
285;315;639;852
286;320;701;851
286;290;332;366
286;291;266;289
286;292;709;835
286;293;611;733
286;1350;449;603
286;296;121;225
286;297;96;208
286;298;421;541
286;299;508;633
286;300;727;854
286;301;717;842
286;306;506;929
286;307;517;932
286;308;498;687
286;309;514;708
286;319;718;866
286;317;614;676
286;318;618;689
286;287;37;153
287;318;631;706
287;320;702;858
287;290;295;323
287;291;230;235
287;292;676;789
287;293;578;686
287;1350;438;550
287;296;134;186
287;297;111;148
287;298;413;499
287;299;499;579
287;300;718;811
287;301;707;789
287;306;522;890
287;307;535;892
287;308;528;647
287;309;543;668
287;317;626;692
287;319;719;873
288;289;9;197
288;310;451;573
288;311;382;537
288;434;462;731
288;313;797;937
288;314;767;907
289;310;451;584
289;311;382;548
289;434;467;790
289;313;795;948
289;314;760;905
290;320;762;844
290;291;73;92
290;292;442;491
290;293;358;388
290;294;704;766
290;295;646;705
290;296;381;507
290;297;371;470
290;298;473;680
290;299;533;687
290;300;724;918
290;301;709;886
290;1350;472;620
290;308;794;969
290;318;782;919
290;854;864;995
290;309;808;990
290;317;770;905
290;319;776;863
291;320;712;859
291;292;509;558
291;293;421;455
291;294;772;833
291;295;714;771
291;296;328;419
291;297;315;381
291;298;468;728
291;299;537;735
291;300;739;966
291;301;725;934
291;318;718;843
291;308;742;881
291;309;757;901
291;1350;474;668
291;319;727;878
291;317;707;829
292;1350;505;645
292;293;100;110
292;294;263;291
292;295;207;229
292;296;692;973
292;297;698;935
292;298;540;704
292;359;605;747
292;300;594;942
292;301;578;911
292;360;557;652
292;299;529;711
292;378;777;974
292;379;710;888
293;1350;422;542
293;294;357;385
293;295;303;324
293;296;593;870
293;297;598;833
293;298;454;601
293;359;705;842
293;300;548;840
293;301;532;808
293;360;654;747
293;299;453;608
293;379;810;983
294;1350;695;920
294;295;61;71
294;360;299;406
294;298;736;979
294;359;364;472
294;299;698;986
294;378;570;699
294;379;493;613
295;359;407;527
295;360;351;432
295;298;700;918
295;299;669;925
295;1350;661;859
295;378;600;754
295;379;526;668
296;1350;353;389
296;297;26;141
296;298;319;328
296;299;407;419
296;300;623;640
296;301;615;628
296;306;389;797
296;307;402;813
296;308;415;568
296;309;429;589
296;317;721;850
296;318;724;863
297;1350;374;401
297;298;342;351
297;299;430;431
297;300;647;662
297;301;638;641
297;306;412;820
297;307;425;844
297;308;428;611
297;309;443;632
297;317;697;833
297;318;700;846
298;299;89;99
298;300;307;320
298;301;297;308
298;302;727;764
298;303;751;829
298;304;613;955
298;306;335;605
298;307;357;629
298;308;524;849
298;309;531;855
298;1350;44;69
299;1350;65;76
299;300;219;235
299;301;209;211
299;302;643;679
299;303;669;738
299;304;567;870
299;305;585;975
299;306;368;542
299;307;389;567
299;308;579;786
299;309;585;792
300;1350;281;307
300;301;17;61
300;302;428;455
300;303;457;521
300;304;470;646
300;305;487;752
300;306;486;624
300;307;503;648
300;308;723;868
300;309;725;874
301;1350;270;285
301;302;441;472
301;303;472;527
301;304;485;663
301;305;502;769
301;306;488;612
301;307;505;636
301;308;724;856
301;309;726;862
302;304;464;564
302;305;468;543
302;1350;706;751
302;303;51;135
303;304;441;540
303;305;443;505
303;1350;732;813
304;1350;620;942
304;305;19;117
304;306;472;546
304;307;471;567
304;308;659;791
304;309;650;793
305;306;487;634
305;307;485;648
305;308;670;878
305;309;661;874
306;1350;372;593
306;307;22;80
306;308;241;244
306;309;241;306
307;1350;394;617
307;308;227;324
307;309;226;239
308;1350;566;837
308;309;16;168
309;1350;573;843
310;311;85;106
310;434;364;411
310;313;379;399
310;312;468;492
310;314;600;781
311;434;300;330
311;312;553;581
311;314;652;752
311;313;464;470
312;434;784;887
312;314;536;675
312;313;94;115
313;314;493;646
313;434;707;794
315;1187;528;880
315;1130;438;736
315;317;844;895
315;1267;376;396
315;1268;344;360
315;405;666;969
315;316;89;101
315;318;826;869
316;1267;457;482
316;1130;404;649
316;317;907;981
316;1187;506;792
316;1268;423;446
316;405;650;881
316;318;888;955
317;320;221;261
317;321;468;534
317;322;462;527
317;1267;506;551
317;1268;524;539
317;854;372;432
317;318;19;58
317;319;234;264
318;320;238;286
318;321;486;558
318;322;480;552
318;1267;489;529
318;1268;507;513
318;854;386;456
318;319;250;289
319;320;18;63
319;321;245;273
319;322;241;266
319;1267;685;809
319;1268;710;797
319;854;146;169
320;321;252;280
320;322;248;274
320;1267;681;806
320;1268;705;794
320;854;162;195
321;322;10;10
321;1267;926;994
321;854;178;273
322;1267;923;987
322;854;180;267
323;355;596;708
323;324;101;130
323;357;405;483
323;326;335;459
323;327;804;834
323;328;778;822
323;341;306;321
323;342;419;475
323;343;715;850
323;356;712;842
323;358;533;633
323;325;437;449
324;354;751;918
324;355;496;588
324;356;613;722
324;325;530;573
324;326;432;454
324;327;899;953
324;328;873;909
324;341;222;270
324;342;342;362
324;343;619;730
324;358;433;513
324;357;311;370
325;357;786;926
325;326;113;139
325;327;369;391
325;328;343;379
325;329;446;644
325;330;442;573
325;331;573;776
325;332;526;762
325;431;594;687
325;432;667;779
325;852;785;961
325;341;673;764
325;342;748;918
326;358;852;961
326;327;471;506
326;328;445;461
326;329;520;696
326;330;531;655
326;331;562;731
326;332;536;717
326;334;631;988
326;431;703;803
326;432;778;895
326;341;596;680
326;342;682;810
326;357;707;818
327;328;27;103
327;329;197;309
327;330;124;210
327;331;584;741
327;332;487;614
327;813;600;842
327;334;753;999
327;431;249;306
327;432;337;398
327;419;713;973
327;852;439;579
327;853;521;778
327;851;442;767
328;329;196;295
328;330;133;195
328;331;568;727
328;332;474;600
328;813;615;861
328;334;735;984
328;431;275;349
328;432;362;441
328;851;469;810
328;852;465;622
328;853;536;797
329;330;91;108
329;331;424;451
329;332;320;355
329;333;701;729
329;334;606;726
329;431;373;392
329;432;464;480
329;851;464;840
329;852;532;662
329;853;702;873
329;813;781;964
330;419;689;958
330;420;709;989
330;331;512;546
330;332;409;432
330;333;786;823
330;334;691;803
330;431;285;291
330;432;376;383
330;851;404;752
330;852;452;565
330;853;613;776
330;813;692;867
331;432;887;922
331;332;106;127
331;333;280;283
331;334;187;285
331;335;674;697
331;336;544;575
331;337;921;996
331;338;828;881
331;431;796;830
332;432;784;808
332;333;385;404
332;334;292;384
332;335;777;812
332;336;647;674
332;338;927;980
332;852;848;990
332;431;693;716
333;336;274;295
333;337;676;717
333;338;573;601
333;340;781;886
333;334;95;110
333;335;407;417
334;335;491;518
334;336;359;380
334;337;748;809
334;338;650;686
334;340;840;971
335;336;134;156
335;337;290;303
335;338;177;310
335;339;554;621
335;340;437;502
335;346;784;844
335;347;777;851
335;382;872;936
336;347;871;984
336;337;414;437
336;338;304;308
336;339;655;737
336;340;542;593
336;346;883;977
337;352;806;828
337;353;938;956
337;354;916;1000
337;338;116;133
337;339;291;319
337;340;177;282
337;346;515;541
337;347;517;548
337;348;716;859
337;349;662;830
337;382;627;632
338;352;905;934
338;339;397;432
338;340;280;288
338;346;625;672
338;347;623;679
338;348;830;972
338;349;777;961
338;382;728;755
339;352;519;547
339;353;648;675
339;354;634;720
339;356;788;979
339;340;119;147
339;343;729;893
339;346;230;260
339;347;227;267
339;348;517;633
339;349;435;549
339;382;337;352
339;351;786;933
340;352;630;648
340;353;762;776
340;354;741;812
340;343;820;978
340;346;348;386
340;347;344;393
340;348;605;739
340;349;533;675
340;382;451;468
341;352;767;972
341;354;705;832
341;355;366;421
341;342;123;160
341;343;532;610
341;356;504;587
341;358;271;345
341;357;114;168
342;352;817;959
342;353;866;969
342;354;738;798
342;355;369;412
342;343;550;601
342;356;509;539
342;358;260;286
342;357;119;146
343;352;311;366
343;353;321;397
343;354;198;226
343;357;440;459
343;358;294;322
343;359;746;951
343;379;640;788
343;355;185;189
343;356;66;134
343;346;600;756
343;347;564;693
343;378;591;796
343;382;447;547
344;345;168;209
344;1320;659;978
345;1320;626;881
346;352;330;409
346;353;444;538
346;354;460;582
346;355;731;941
346;356;665;841
346;385;930;957
346;386;927;956
346;382;155;214
346;347;46;129
346;348;374;377
346;349;273;293
346;350;758;761
346;351;658;677
347;352;306;345
347;353;428;473
347;354;433;517
347;355;690;878
347;356;628;776
347;358;769;981
347;382;125;149
347;378;899;968
347;348;418;500
347;349;316;397
347;350;802;883
347;351;702;782
348;384;732;806
348;385;556;584
348;386;554;582
348;387;798;861
348;388;724;861
348;395;667;848
348;396;681;857
348;349;105;126
348;350;384;387
348;351;284;304
348;352;575;780
348;353;617;908
348;354;700;952
348;382;477;585
348;383;682;732
349;384;827;906
349;385;660;699
349;386;655;667
349;387;902;976
349;388;828;971
349;395;746;933
349;396;750;941
349;350;487;505
349;351;387;389
349;352;479;677
349;353;534;806
349;354;608;850
349;382;373;482
349;383;781;832
350;384;372;422
350;385;174;198
350;386;175;200
350;388;353;476
350;389;868;930
350;390;755;830
350;422;779;966
350;395;403;518
350;396;469;589
350;387;429;475
350;383;310;348
350;382;853;968
350;351;101;120
351;384;459;521
351;385;274;314
351;386;271;282
351;387;525;591
351;388;450;586
351;390;854;939
351;395;449;548
351;396;497;565
351;382;753;867
351;383;403;447
352;353;139;146
352;354;134;190
352;355;479;551
352;356;375;449
352;357;700;816
352;358;581;679
352;359;829;890
352;378;611;643
352;379;687;727
352;382;184;199
353;354;129;171
353;355;505;582
353;356;376;431
353;357;751;846
353;358;613;686
353;359;699;746
353;360;815;864
353;378;476;499
353;379;554;583
353;382;312;327
354;355;380;411
354;356;258;260
354;357;623;675
354;358;487;515
354;359;729;913
354;378;528;666
354;379;596;750
354;382;309;371
355;357;264;269
355;358;110;133
355;379;760;973
355;356;142;166
355;378;726;981
355;382;585;732
356;357;405;429
356;358;250;258
356;359;732;979
356;379;637;816
356;378;596;824
356;382;512;631
357;358;162;182
357;382;760;997
358;382;671;861
359;360;118;148
359;378;238;252
359;379;153;166
360;379;269;289
360;378;354;370
361;385;935;997
361;387;699;718
361;388;769;794
361;389;247;358
361;390;362;381
361;1332;753;788
361;1331;639;670
361;1333;75;96
362;368;344;360
362;369;435;463
362;370;748;854
362;375;663;720
362;433;585;632
362;371;657;736
362;363;115;127
362;367;714;961
363;368;229;355
363;369;322;337
363;370;841;974
363;371;756;856
363;374;516;954
363;433;471;521
363;375;549;599
363;366;704;948
363;367;612;850
364;391;317;322
364;392;181;201
364;433;625;693
364;365;123;221
364;366;252;253
364;367;346;365
364;368;775;965
364;369;764;872
364;374;548;564
364;375;617;704
364;380;565;583
364;381;472;499
365;391;439;459
365;392;304;318
365;366;131;252
365;367;224;238
365;368;652;838
365;369;643;745
365;433;509;566
365;374;432;458
365;375;507;577
365;380;688;719
365;381;595;616
366;391;563;572
366;433;379;442
366;392;432;451
366;439;731;889
366;367;96;113
366;368;526;714
366;369;513;620
366;374;303;312
366;375;383;452
366;380;814;832
366;381;720;749
367;439;709;822
367;391;659;683
367;392;527;542
367;433;295;344
367;368;431;616
367;369;420;523
367;374;223;319
367;375;312;355
367;440;814;920
367;380;910;943
367;381;816;840
368;433;242;287
368;375;320;375
368;369;104;128
368;374;294;720
368;439;768;870
368;440;867;968
369;375;238;267
369;433;170;194
369;374;238;626
369;439;667;777
369;440;765;868
370;371;116;131
370;372;548;571
370;373;466;528
371;372;651;687
371;373;570;644
372;373;83;97
372;427;676;753
372;428;735;852
372;429;550;596
372;430;472;503
373;427;756;835
373;428;817;934
373;429;627;678
373;430;546;584
374;439;563;576
374;433;78;448
374;392;723;762
374;391;845;882
374;375;98;458
374;440;669;694
375;433;82;103
375;392;787;881
375;439;478;564
375;440;583;608
376;412;783;959
376;413;284;367
376;414;299;545
376;1320;544;806
376;377;14;118
377;412;783;965
377;413;288;368
377;414;303;546
377;1320;530;786
378;379;86;90
378;382;787;823
379;382;865;907
380;391;254;264
380;381;97;122
380;392;385;418
381;391;159;285
381;392;293;298
383;384;76;87
383;385;180;249
383;386;137;181
383;387;293;484
383;388;244;394
383;389;631;820
383;390;529;812
383;422;470;636
383;424;735;920
383;421;564;721
383;395;274;414
383;396;376;496
384;385;255;323
384;386;204;255
384;387;346;474
384;388;307;384
384;389;634;810
384;390;539;802
384;422;413;560
384;424;686;844
384;421;511;646
384;395;236;338
384;396;337;420
384;423;793;936
385;386;74;102
385;387;264;279
385;388;188;279
385;389;695;734
385;390;583;633
385;421;725;953
385;395;386;419
385;396;477;534
385;422;635;867
386;387;311;361
386;388;240;321
386;389;719;809
386;390;609;698
386;422;606;767
386;421;699;853
386;395;312;351
386;396;404;461
387;388;77;94
387;389;453;455
387;390;338;354
387;422;558;911
387;395;566;696
387;396;668;807
387;421;622;878
387;1333;763;776
388;389;525;541
388;390;410;431
388;422;578;885
388;395;513;671
388;396;613;780
388;421;650;852
388;1333;834;862
389;421;471;837
389;390;116;133
389;422;489;870
389;1331;843;902
389;1333;310;320
390;422;467;861
390;1333;425;452
390;421;474;829
391;392;142;200
392;433;801;871
393;449;393;760
393;394;259;265
393;397;435;561
394;449;374;600
394;397;244;301
395;396;102;117
395;421;650;704
395;422;549;589
395;423;933;994
395;424;829;872
396;421;713;786
396;422;614;669
396;424;890;952
397;449;267;319
399;409;508;727
399;407;721;914
399;416;568;701
399;415;555;693
399;452;472;638
399;453;448;611
399;1354;443;543
399;408;723;886
400;401;63;746
402;411;834;984
402;1320;223;311
403;417;544;665
403;418;627;691
403;1187;434;469
403;404;69;85
403;405;289;301
403;406;192;285
403;1130;543;594
404;417;476;611
404;418;560;619
404;405;338;380
404;406;245;280
404;1130;581;672
404;1187;477;547
405;417;748;965
405;418;801;986
405;1130;264;294
405;406;99;123
405;1187;149;169
406;417;679;877
406;418;742;886
406;1187;246;291
406;1130;359;416
407;451;614;718
407;450;686;803
407;408;41;48
408;451;578;675
408;450;652;757
409;452;481;787
409;454;403;648
409;416;61;141
409;453;481;780
409;415;49;132
410;412;179;323
410;411;40;46
411;412;206;367
413;1320;642;751
413;414;16;309
414;1320;652;922
415;452;517;752
415;416;13;27
415;454;364;535
415;453;519;746
416;452;524;761
416;454;357;517
416;453;526;754
417;418;114;972
419;432;432;625
419;420;25;266
419;1217;729;878
419;813;667;901
419;431;485;674
419;464;670;752
419;465;679;761
419;851;287;331
419;852;307;432
419;853;636;809
419;1271;677;947
420;432;456;641
420;1217;734;878
420;813;689;918
420;431;509;704
420;464;648;725
420;465;657;734
420;851;306;347
420;852;332;448
420;853;658;826
420;1271;682;947
421;422;102;125
421;424;180;295
421;425;522;540
421;426;415;442
421;423;286;296
421;428;729;755
421;427;838;858
422;423;387;407
422;424;282;285
422;426;514;527
422;425;622;651
422;428;829;842
422;427;938;969
423;427;556;563
423;424;107;122
423;425;241;245
423;426;139;258
423;428;447;467
423;429;678;719
423;430;760;808
424;425;347;365
424;426;242;242
424;427;663;683
424;428;553;557
424;429;783;820
424;430;864;909
425;426;109;129
425;427;316;324
425;428;207;322
425;429;438;480
425;430;522;569
426;427;424;446
426;428;315;315
426;429;541;580
426;430;622;669
427;428;110;135
427;429;143;270
427;430;235;258
428;429;239;268
428;430;329;357
429;430;93;101
431;1186;625;855
431;813;443;579
431;432;92;96
431;851;256;465
431;852;192;277
431;853;368;488
431;1129;580;765
432;1186;541;765
432;813;380;489
432;851;253;388
432;852;125;201
432;853;311;398
432;1129;508;675
433;439;557;599
433;440;662;696
435;448;674;891
435;436;107;145
435;447;750;825
436;448;775;858
436;447;852;956
437;1347;445;531
437;1348;427;565
437;1349;446;896
437;438;70;269
437;439;715;827
437;440;609;747
437;441;510;540
437;442;598;651
437;445;295;351
437;446;303;350
438;1347;500;595
438;1348;480;629
438;439;774;910
438;440;670;811
438;441;442;480
438;442;531;573
438;445;364;415
438;446;371;414
438;1349;456;960
439;440;107;370
439;445;530;902
439;446;530;897
440;1347;620;807
440;1348;644;840
440;445;428;537
440;446;428;532
441;442;91;111
441;443;604;725
441;444;708;854
441;445;794;881
441;446;801;880
442;443;515;652
442;444;617;767
442;445;880;974
442;446;886;973
443;444;117;131
445;1347;240;285
445;1348;248;319
445;1351;541;762
445;446;9;8
445;1349;479;650
446;1347;235;284
446;1348;243;318
446;1351;541;761
446;1349;479;649
450;451;96;110
452;1354;246;349
452;453;27;71
453;1354;227;345
455;456;164;373
455;457;125;253
456;457;243;479
457;458;832;874
1271;1217;53;345
1271;1186;316;574
1271;853;625;706
1271;1129;463;512
1271;813;572;618
460;848;532;674
460;849;325;387
460;850;323;397
460;461;267;546
460;847;733;878
461;849;477;934
461;850;535;944
462;464;312;339
462;465;311;335
462;814;703;838
462;463;58;63
463;464;264;286
463;465;262;281
463;814;720;900
464;465;10;12
466;467;73;90
466;468;591;603
466;469;467;484
466;1143;342;398
466;1242;387;558
466;1243;381;575
466;1133;270;445
467;468;520;536
467;469;395;398
467;1143;414;454
467;1242;434;640
467;1243;425;657
467;1133;332;502
468;480;422;495
468;481;439;513
468;469;125;138
468;1269;684;761
468;1143;920;987
468;477;753;925
468;479;676;753
469;480;507;607
469;481;521;624
469;1269;767;873
469;1143;795;849
469;1133;685;896
469;479;758;864
1243;1242;20;25
1243;1133;166;563
1243;1143;285;734
477;480;340;436
477;481;321;418
477;1269;125;173
477;478;288;306
477;479;124;176
478;480;471;682
478;481;454;665
478;1269;391;470
478;479;385;473
479;480;255;263
479;481;238;246
479;1269;10;12
480;481;20;23
480;1269;263;272
481;1269;246;254
1129;1217;469;512
1129;1186;149;626
1129;851;718;851
1129;852;536;675
1129;853;230;286
1129;813;152;186
1130;1187;116;205
1131;1132;76;182
1133;1143;146;193
1133;1242;160;580
1334;1335;15;19
1334;1336;240;291
1334;1337;253;290
1217;1186;327;497
1217;853;646;706
1217;813;589;618
1143;1242;272;752
1051;816;238;258
1051;817;311;468
1051;1052;109;107
1051;1053;613;622
1051;1054;734;743
1332;1330;274;298
1332;1331;128;143
1332;1333;679;701
1332;1329;260;288
756;760;755;764
756;761;834;845
756;757;133;135
756;758;297;297
756;759;393;400
757;760;624;634
757;761;704;715
757;758;165;167
757;759;261;270
758;760;463;467
758;761;544;547
758;759;98;102
759;760;366;374
759;761;446;454
760;761;81;88
760;762;627;657
760;763;694;767
761;762;547;574
761;763;615;684
762;763;102;116
762;764;752;836
762;765;882;969
763;1323;792;956
763;764;682;733
763;765;807;867
764;1323;169;234
764;765;139;145
764;766;760;777
764;767;813;834
765;1323;76;91
765;766;622;634
765;767;676;691
766;768;443;455
766;769;511;525
766;770;877;900
766;771;959;987
766;1323;620;693
766;767;57;72
767;768;386;398
767;769;455;468
767;770;822;844
767;771;903;930
767;1323;676;750
768;769;72;76
768;770;449;451
768;771;530;538
768;772;903;915
768;773;972;985
769;770;378;379
769;771;458;465
769;772;832;843
769;773;900;913
770;771;82;86
770;772;460;463
770;773;529;533
770;774;919;951
771;772;378;387
771;773;447;457
771;774;841;874
771;775;949;986
772;773;69;79
772;774;478;497
772;775;591;609
773;774;415;429
773;775;529;541
774;775;114;118
1329;1330;31;519
1329;1331;387;417
1329;1333;911;983
813;1186;264;440
813;851;612;665
813;852;434;489
813;853;80;99
814;815;203;203
816;817;445;464
816;1052;346;366
816;1053;851;880
817;818;701;701
817;1052;287;433
817;1053;622;947
1331;1330;400;438
1331;1333;564;591
1333;1330;912;995
1267;1268;37;353
1267;854;775;836
1335;1336;242;283
1335;1337;255;282
845;846;114;113
845;847;786;858
846;848;878;951
846;847;697;744
847;848;206;206
847;849;483;492
847;850;599;621
848;849;285;288
848;850;407;417
849;850;128;131
849;851;938;940
850;851;812;815
850;852;992;999
851;1186;712;941
851;852;182;195
851;853;552;573
852;1186;535;765
852;853;379;398
853;1186;328;376
854;1268;804;876
1337;1336;17;15
1052;1053;507;514
1052;1054;628;636
1223;1056;589;607
1223;1224;106;110
1223;1055;692;716
1053;1056;764;775
1053;1054;121;121
1053;1055;657;670
1347;1348;38;51
1347;1351;405;495
1347;1349;358;383
1348;1351;369;453
1348;1349;322;341
1224;1056;691;709
1224;1055;793;819
1349;1351;66;114
1054;1056;643;655
1054;1055;537;550
1055;1056;107;125