from_stop_I;to_stop_I;d;duration_avg;n_vehicles;route_I_counts;route_type
1;2;400;115.05154639175258;97;1:97;3
2;3;221;4.948453608247423;97;1:97;3
3;4;289;115.05154639175258;97;1:97;3
4;5;342;60.46153846153846;130;1:97,20:33;3
5;6;349;60.0;130;1:97,20:33;3
6;99;233;60.0;33;20:33;3
6;7;332;111.34020618556701;97;1:97;3
7;528;475;109.28571428571429;56;11:56;3
7;8;432;118.14432989690722;97;1:97;3
8;9;282;58.87850467289719;107;1:97,35:10;3
9;10;428;111.2621359223301;206;1:97,7:109;3
9;11;708;162.0;10;35:10;3
10;11;288;61.35849056603774;265;16:26,1:97,12:33,7:109;3
11;497;292;92.72727272727273;33;12:33;3
11;12;332;60.0;206;1:97,7:109;3
11;509;494;136.04651162790697;86;16:26,35:10,36:11,21:39;3
12;13;439;167.3482428115016;313;1:97,5:107,7:109;3
13;14;167;60.0;313;1:97,5:107,7:109;3
14;23;283;172.9073482428115;313;1:97,5:107,7:109;3
15;24;296;110.69620253164557;316;1:98,5:109,7:109;3
16;80;405;171.61290322580646;93;1:93;3
16;17;252;103.4090909090909;264;27:48,5:107,7:109;3
17;18;304;125.80645161290323;155;27:48,5:107;3
17;357;317;120.0;109;7:109;3
18;235;337;60.0;155;27:48,5:107;3
19;654;411;65.0;48;27:48;3
20;21;257;114.15730337078652;267;27:49,5:109,7:109;3
21;22;211;64.04494382022472;267;27:49,5:109,7:109;3
22;515;233;145.71428571428572;49;27:49;3
22;15;223;176.73076923076923;312;1:94,5:109,7:109;3
23;16;173;60.0;309;1:93,5:107,7:109;3
24;25;242;70.13404825737265;373;1:98,9:57,5:109,7:109;3
25;26;296;111.59420289855072;207;1:98,7:109;3
25;162;282;120.0;57;9:57;3
25;247;273;108.9908256880734;109;5:109;3
26;176;317;60.0;34;12:34;3
26;28;589;207.27272727272728;11;35:11;3
26;27;286;67.53623188405797;207;1:98,7:109;3
26;12;261;60.0;107;5:107;3
26;486;455;207.45762711864407;59;9:59;3
27;28;305;106.66666666666667;207;1:98,7:109;3
28;29;262;13.333333333333334;207;1:98,7:109;3
28;30;687;125.45454545454545;11;35:11;3
29;30;425;114.20289855072464;207;1:98,7:109;3
30;383;282;60.0;11;35:11;3
30;358;370;116.69724770642202;109;7:109;3
30;31;258;60.0;98;1:98;3
31;32;383;87.05882352941177;153;1:98,11:55;3
32;33;342;104.6938775510204;98;1:98;3
32;530;329;130.9090909090909;55;11:55;3
33;34;438;73.74045801526718;131;1:98,20:33;3
34;35;315;60.0;131;1:98,20:33;3
35;427;471;89.0909090909091;33;20:33;3
35;36;294;49.59183673469388;98;1:98;3
36;37;209;60.0;98;1:98;3
37;38;362;60.0;98;1:98;3
38;551;344;60.0;98;1:98;3
39;378;271;64.36363636363636;55;11:55;3
39;91;322;60.0;148;9:59,2:89;3
40;92;299;60.0;200;9:57,2:87,11:56;3
41;42;197;60.0;148;9:59,2:89;3
42;297;237;57.96610169491525;59;9:59;3
42;43;203;50.561797752808985;89;2:89;3
43;44;509;120.0;89;2:89;3
44;45;274;60.0;89;2:89;3
45;46;347;79.67213114754098;122;2:89,12:33;3
46;166;361;83.63636363636364;33;12:33;3
46;47;360;120.0;89;2:89;3
47;48;176;60.0;89;2:89;3
48;82;316;114.6067415730337;89;2:89;3
49;192;543;120.34682080924856;173;8:66,4:107;3
49;83;301;100.0;87;2:87;3
49;357;492;237.85714285714286;84;6:84;3
50;49;327;118.42931937172774;191;4:107,6:84;3
51;283;319;228.27586206896552;87;2:87;3
51;22;366;128.29787234042553;94;1:94;3
51;191;424;210.0;66;8:66;3
52;51;188;83.56275303643724;247;8:66,1:94,2:87;3
53;52;241;77.24696356275304;247;8:66,1:94,2:87;3
54;53;413;114.41295546558705;247;8:66,1:94,2:87;3
55;56;344;71.46067415730337;89;2:89;3
56;57;363;101.12359550561797;89;2:89;3
57;58;349;57.97752808988764;89;2:89;3
58;59;328;60.0;89;2:89;3
59;72;340;76.85393258426966;89;2:89;3
61;62;308;60.0;155;8:66,2:89;3
62;63;303;76.64516129032258;155;8:66,2:89;3
63;64;246;17.806451612903224;155;8:66,2:89;3
64;65;232;42.193548387096776;155;8:66,2:89;3
65;529;169;34.54545454545455;66;8:66;3
65;66;206;60.0;89;2:89;3
66;67;166;60.0;87;2:87;3
67;68;293;60.0;154;8:67,2:87;3
68;69;263;37.4025974025974;154;8:67,2:87;3
69;70;265;62.72727272727273;154;8:67,2:87;3
70;71;269;60.0;154;8:67,2:87;3
71;538;355;60.0;87;2:87;3
71;471;378;60.0;67;8:67;3
72;61;362;60.0;89;2:89;3
73;74;364;103.44827586206897;87;2:87;3
74;75;478;85.51724137931035;87;2:87;3
75;76;363;98.62068965517241;87;2:87;3
76;77;274;60.0;87;2:87;3
77;190;431;75.86206896551724;87;2:87;3
78;216;473;72.53012048192771;249;8:67,1:93,2:89;3
79;425;178;110.60240963855422;249;8:67,1:93,2:89;3
80;505;243;139.2;25;26:25;3
80;493;223;173.76623376623377;77;24:40,25:37;3
80;79;246;69.87951807228916;249;8:67,1:93,2:89;3
81;80;325;169.8876404494382;89;2:89;3
82;81;439;177.30337078651687;89;2:89;3
82;147;374;180.0;192;4:108,6:84;3
82;215;320;147.76119402985074;67;8:67;3
83;84;255;89.65517241379311;87;2:87;3
84;85;314;100.0;87;2:87;3
85;86;412;69.91735537190083;121;2:87,12:34;3
86;173;321;111.17647058823529;34;12:34;3
86;87;218;56.55172413793103;87;2:87;3
87;88;364;68.27586206896552;87;2:87;3
88;89;369;118.62068965517241;87;2:87;3
89;90;201;40.416666666666664;144;9:57,2:87;3
90;40;431;121.25;144;9:57,2:87;3
91;41;353;71.75675675675676;148;9:59,2:89;3
92;329;205;23.1;200;9:57,2:87,11:56;3
93;94;453;134.34782608695653;92;3:92;3
94;95;228;60.0;92;3:92;3
95;96;293;54.130434782608695;92;3:92;3
96;97;377;65.21739130434783;92;3:92;3
97;98;281;60.0;92;3:92;3
98;518;362;60.0;92;3:92;3
99;384;170;60.0;33;20:33;3
99;180;172;22.90909090909091;55;11:55;3
99;100;141;53.47826086956522;92;3:92;3
100;101;446;114.1304347826087;92;3:92;3
100;158;410;116.36363636363636;33;12:33;3
101;102;269;84.78260869565217;92;3:92;3
102;103;278;60.0;92;3:92;3
103;104;239;60.0;92;3:92;3
104;105;175;60.0;92;3:92;3
105;106;339;120.0;92;3:92;3
106;533;217;63.91304347826087;92;3:92;3
107;108;434;154.56521739130434;92;3:92;3
108;109;347;76.29139072847683;151;9:59,3:92;3
109;110;433;116.42384105960265;151;9:59,3:92;3
110;124;219;51.86440677966102;59;9:59;3
110;111;199;60.0;92;3:92;3
111;112;278;60.0;92;3:92;3
112;113;214;63.91304347826087;92;3:92;3
113;114;332;64.56521739130434;92;3:92;3
114;115;220;60.0;92;3:92;3
115;116;423;109.56521739130434;92;3:92;3
116;117;234;60.0;92;3:92;3
117;521;342;62.44897959183673;147;10:55,3:92;3
118;400;194;60.0;56;10:56;3
118;119;320;103.69565217391305;92;3:92;3
119;120;334;60.0;92;3:92;3
120;121;279;60.0;92;3:92;3
121;122;308;70.43478260869566;92;3:92;3
122;123;235;101.08695652173913;92;3:92;3
123;300;266;70.43478260869566;92;3:92;3
124;301;233;60.0;59;9:59;3
125;548;164;47.51677852348993;149;9:57,3:92;3
126;481;403;232.17391304347825;92;3:92;3
126;127;444;234.73684210526315;57;9:57;3
127;325;169;60.0;57;9:57;3
128;129;507;178.04347826086956;92;3:92;3
129;130;243;60.0;92;3:92;3
130;131;214;56.73913043478261;92;3:92;3
131;132;356;113.47826086956522;92;3:92;3
132;133;369;81.52173913043478;92;3:92;3
133;181;585;120.0;34;12:34;3
133;134;220;61.95652173913044;92;3:92;3
134;33;174;52.72727272727273;33;20:33;3
134;531;217;55.945945945945944;148;11:56,3:92;3
135;136;293;61.95652173913044;92;3:92;3
136;137;351;64.56521739130434;92;3:92;3
137;138;318;66.52173913043478;92;3:92;3
138;331;243;60.0;92;3:92;3
139;332;189;29.634146341463413;164;11:55,7:109;3
140;506;292;96.36363636363636;198;4:114,6:84;3
140;141;536;60.0;9;19:9;3
141;508;941;120.0;201;4:117,6:84;3
141;143;1482;240.0;9;19:9;3
142;145;1090;180.0;64;20:33,31:31;3
142;487;1277;251.35135135135135;37;33:37;3
142;143;255;57.3134328358209;201;4:117,6:84;3
143;144;467;60.0;201;4:117,6:84;3
143;549;826;346.6666666666667;9;19:9;3
144;145;367;109.25373134328358;201;4:117,6:84;3
145;50;276;125.96858638743456;191;4:107,6:84;3
145;490;224;83.63636363636364;33;20:33;3
145;147;272;180.0;10;4:10;3
145;146;272;69.6774193548387;31;31:31;3
146;148;319;207.09677419354838;31;31:31;3
146;476;482;180.0;39;23:39;3
147;148;321;66.20689655172414;203;4:119,6:84;3
148;149;406;104.92610837438424;203;4:119,6:84;3
148;151;1134;180.0;100;33:36,20:33,31:31;3
149;150;401;60.0;203;4:119,6:84;3
150;153;1562;240.0;7;19:7;3
150;151;326;60.0;203;4:119,6:84;3
151;456;954;201.5625;64;20:33,31:31;3
151;385;443;136.66666666666666;36;33:36;3
151;152;227;55.86206896551724;203;4:119,6:84;3
152;153;1019;123.8423645320197;203;4:119,6:84;3
153;507;192;60.0;201;4:117,6:84;3
153;511;538;111.42857142857143;7;19:7;3
154;183;288;59.33701657458563;181;12:33,19:7,4:117,13:20,15:4;3
155;280;288;60.0;183;12:34,19:9,4:114,13:20,15:6;3
156;157;357;60.0;120;11:56,12:33,31:31;3
157;384;504;77.41935483870968;31;31:31;3
157;100;575;120.0;33;12:33;3
157;134;506;117.85714285714286;56;11:56;3
158;159;281;3.6363636363636362;33;12:33;3
159;178;253;60.0;33;12:33;3
160;179;466;88.23529411764706;34;12:34;3
161;10;392;120.0;33;12:33;3
162;163;199;67.27272727272727;33;12:33;3
162;326;167;108.42105263157895;57;9:57;3
163;164;268;107.27272727272727;33;12:33;3
164;165;251;67.27272727272727;33;12:33;3
165;45;358;83.63636363636364;33;12:33;3
166;171;260;60.0;33;12:33;3
167;172;318;60.0;34;12:34;3
167;262;402;97.22222222222223;108;4:108;3
168;169;252;110.9090909090909;33;12:33;3
169;170;357;130.58823529411765;34;12:34;3
170;167;198;60.0;142;12:34,4:108;3
171;168;331;67.27272727272727;33;12:33;3
171;263;307;72.89719626168224;107;4:107;3
172;85;357;111.17647058823529;34;12:34;3
173;174;183;60.0;34;12:34;3
174;175;197;67.05882352941177;34;12:34;3
175;26;367;146.47058823529412;34;12:34;3
176;177;326;84.70588235294117;34;12:34;3
177;160;467;93.52941176470588;34;12:34;3
178;161;147;56.36363636363637;33;12:33;3
179;133;415;114.70588235294117;34;12:34;3
180;181;399;60.0;86;11:55,31:31;3
181;182;419;60.5;120;11:55,12:34,31:31;3
182;592;1022;137.41935483870967;31;31:31;3
182;282;556;120.0;55;11:55;3
182;155;469;88.23529411764706;34;12:34;3
183;281;337;60.4054054054054;148;19:7,4:117,13:20,15:4;3
183;156;445;92.72727272727273;33;12:33;3
184;527;543;103.88059701492537;67;8:67;3
185;186;514;68.18181818181819;66;8:66;3
186;187;389;60.0;66;8:66;3
187;218;242;60.0;66;8:66;3
188;219;275;60.0;67;8:67;3
189;190;376;79.125;160;8:66,1:94;3
190;54;509;125.58704453441295;247;8:66,1:94,2:87;3
191;49;270;70.0;66;8:66;3
191;476;409;96.6;100;24:40,25:36,26:24;3
192;193;303;77.34104046242774;173;8:66,4:107;3
193;194;283;63.6144578313253;166;8:66,24:40,26:24,25:36;3
193;261;372;70.27397260273973;146;4:107,23:39;3
194;195;436;79.0909090909091;66;8:66;3
194;197;949;168.0;100;24:40,25:36,26:24;3
195;196;218;60.0;66;8:66;3
196;197;328;60.0;66;8:66;3
197;475;936;151.2;100;24:40,25:36,26:24;3
197;198;259;60.0;122;8:66,11:56;3
198;199;760;174.23076923076923;52;8:52;3
199;200;362;60.0;52;8:52;3
200;201;288;64.61538461538461;52;8:52;3
201;202;363;54.23076923076923;52;8:52;3
202;1178;450;105.0;52;8:52;3
203;204;425;60.0;49;8:49;3
204;205;247;34.285714285714285;49;8:49;3
205;206;323;60.0;49;8:49;3
206;207;176;60.0;49;8:49;3
207;208;512;120.0;49;8:49;3
207;209;913;172.94117647058823;102;24:40,25:37,26:25;3
208;209;404;84.17910447761194;67;8:67;3
208;371;408;72.0;55;11:55;3
209;210;297;60.0;67;8:67;3
209;212;812;123.52941176470588;102;24:40,25:37,26:25;3
210;211;288;60.0;67;8:67;3
211;212;275;60.0;67;8:67;3
212;213;337;93.01775147928994;169;8:67,24:40,26:25,25:37;3
213;477;687;165.3146853146853;143;24:40,25:37,26:25,23:41;3
213;214;365;89.82857142857142;175;8:67,4:108;3
214;82;429;120.0;175;8:67,4:108;3
215;80;429;203.4319526627219;169;8:67,24:40,26:25,25:37;3
216;217;449;120.8955223880597;67;8:67;3
216;284;624;83.2258064516129;93;1:93;3
216;55;432;65.3932584269663;89;2:89;3
217;188;215;8.955223880597014;67;8:67;3
218;189;329;62.72727272727273;66;8:66;3
219;220;421;60.0;67;8:67;3
220;221;590;69.85074626865672;67;8:67;3
221;641;406;60.0;67;8:67;3
222;998;476;79.0909090909091;66;8:66;3
223;224;256;60.0;107;5:107;3
224;225;263;56.31901840490798;163;11:56,5:107;3
225;226;298;60.0;163;11:56,5:107;3
226;227;237;60.0;107;5:107;3
226;365;263;60.73170731707317;82;16:26,11:56;3
227;228;298;60.0;107;5:107;3
228;229;342;60.0;107;5:107;3
229;230;151;60.0;107;5:107;3
230;231;333;60.0;107;5:107;3
231;232;179;57.945205479452056;146;5:107,21:39;3
232;233;535;120.0;107;5:107;3
232;11;854;294.0;50;36:11,21:39;3
233;234;322;60.0;107;5:107;3
234;26;355;80.74766355140187;107;5:107;3
235;236;321;70.45161290322581;155;27:48,5:107;3
236;19;320;60.0;48;27:48;3
236;237;330;60.0;107;5:107;3
237;665;360;55.51401869158879;107;5:107;3
238;407;488;120.0;78;28:37,37:41;3
238;239;219;60.0;107;5:107;3
239;240;124;60.0;107;5:107;3
240;241;243;60.0;109;5:109;3
241;699;144;55.04587155963303;109;5:109;3
241;708;1900;300.0;6;37:6;3
241;702;1923;233.14285714285714;70;28:36,37:34;3
242;243;271;60.0;109;5:109;3
243;244;285;60.0;109;5:109;3
244;245;310;60.0;109;5:109;3
245;246;310;60.0;158;27:49,5:109;3
246;20;369;96.83544303797468;158;27:49,5:109;3
247;248;367;60.0;109;5:109;3
248;249;341;74.09836065573771;183;16:25,36:10,5:109,21:39;3
249;545;493;117.6;25;16:25;3
249;250;556;121.13924050632912;158;36:10,5:109,21:39;3
250;434;1299;270.0;10;36:10;3
250;251;155;60.0;148;5:109,21:39;3
251;433;693;133.84615384615384;39;21:39;3
251;252;272;15.412844036697248;109;5:109;3
252;253;255;60.0;109;5:109;3
253;254;307;60.0;109;5:109;3
254;255;348;60.0;109;5:109;3
255;256;257;60.0;109;5:109;3
256;257;242;58.170731707317074;164;11:55,5:109;3
256;955;370;60.0;25;16:25;3
257;258;230;57.80487804878049;164;11:55,5:109;3
258;380;310;60.0;55;11:55;3
258;223;273;60.0;109;5:109;3
259;156;569;65.35714285714286;56;11:56;3
259;260;554;99.0;140;4:114,13:20,15:6;3
260;155;347;60.0;149;19:9,4:114,13:20,15:6;3
261;278;215;60.0;146;4:107,23:39;3
262;279;294;60.0;149;4:108,23:41;3
263;264;284;65.04672897196262;107;4:107;3
263;265;577;198.75;16;41:16;3
264;265;295;60.0;107;4:107;3
265;266;423;67.77777777777777;162;11:55,4:107;3
265;492;918;213.75;16;41:16;3
265;439;950;187.2;25;34:25;3
266;267;246;52.22222222222222;162;11:55,4:107;3
267;272;307;67.77777777777777;162;11:55,4:107;3
268;273;347;110.85365853658537;164;11:56,4:108;3
269;474;419;90.54545454545455;55;11:55;3
269;270;404;93.64485981308411;107;4:107;3
270;541;331;113.83177570093459;107;4:107;3
271;268;355;72.4390243902439;164;11:56,4:108;3
272;269;353;60.0;162;11:55,4:107;3
273;274;257;60.0;164;11:56,4:108;3
274;275;393;68.04878048780488;164;11:56,4:108;3
275;276;320;60.0;108;4:108;3
275;277;561;171.42857142857142;14;41:14;3
275;366;286;70.71428571428571;56;11:56;3
275;469;98;11.538461538461538;26;34:26;3
276;277;242;60.0;108;4:108;3
277;368;555;137.14285714285714;14;41:14;3
277;170;143;57.22222222222222;108;4:108;3
278;171;414;125.04672897196262;107;4:107;3
278;445;451;67.6923076923077;39;23:39;3
279;213;336;60.0;149;4:108,23:41;3
280;140;385;63.41463414634146;123;19:9,4:114;3
280;565;524;120.0;40;12:34,15:6;3
280;510;325;75.0;20;13:20;3
281;282;535;109.36170212765957;141;4:117,13:20,15:4;3
281;427;935;188.57142857142858;7;19:7;3
282;547;299;68.0;75;11:55,13:20;3
282;646;418;60.0;121;4:117,15:4;3
283;49;389;120.0;87;2:87;3
284;285;287;60.0;93;1:93;3
285;286;270;36.774193548387096;93;1:93;3
286;287;405;83.2258064516129;93;1:93;3
287;288;397;60.0;93;1:93;3
288;289;291;60.0;93;1:93;3
289;993;811;215.48387096774192;93;1:93;3
290;291;290;60.0;94;1:94;3
291;292;407;60.0;94;1:94;3
292;293;372;63.829787234042556;94;1:94;3
293;420;304;60.0;94;1:94;3
294;421;284;72.0;20;13:20;3
295;189;228;60.0;94;1:94;3
296;39;371;72.11822660098522;203;9:59,2:89,11:55;3
297;298;184;60.0;59;9:59;3
298;299;264;105.76271186440678;59;9:59;3
299;26;274;117.96610169491525;59;9:59;3
300;125;247;60.0;149;9:57,3:92;3
301;302;215;60.0;59;9:59;3
302;303;151;43.728813559322035;59;9:59;3
303;304;266;60.0;59;9:59;3
304;305;295;70.16949152542372;59;9:59;3
305;306;225;60.0;59;9:59;3
306;307;298;63.05084745762712;59;9:59;3
307;308;303;64.0677966101695;59;9:59;3
307;485;248;60.0;20;13:20;3
308;309;209;56.94915254237288;59;9:59;3
309;315;437;76.27118644067797;59;9:59;3
310;311;306;60.0;57;9:57;3
311;392;285;60.0;54;10:54;3
311;316;435;116.84210526315789;57;9:57;3
312;313;201;60.0;54;10:54;3
313;393;262;60.0;54;10:54;3
314;416;310;65.55555555555556;54;10:54;3
315;418;333;60.0;54;10:54;3
315;310;289;123.05084745762711;59;9:59;3
316;317;274;9.473684210526315;57;9:57;3
317;318;232;60.0;57;9:57;3
318;319;189;47.532467532467535;77;9:57,13:20;3
319;320;260;60.0;57;9:57;3
319;391;500;120.0;20;13:20;3
320;321;280;60.0;57;9:57;3
321;322;344;106.3157894736842;57;9:57;3
322;323;163;12.631578947368421;57;9:57;3
323;324;124;47.36842105263158;57;9:57;3
324;300;315;113.6842105263158;57;9:57;3
325;24;197;91.57894736842105;57;9:57;3
326;327;219;60.0;57;9:57;3
327;328;260;73.6842105263158;57;9:57;3
328;89;182;67.36842105263158;57;9:57;3
329;924;570;120.0;87;2:87;3
329;911;539;140.1769911504425;113;9:57,11:56;3
330;139;446;116.14678899082568;109;7:109;3
331;330;347;120.0;109;7:109;3
331;93;396;108.26086956521739;92;3:92;3
332;333;340;60.0;164;11:55,7:109;3
333;334;172;54.51219512195122;164;11:55,7:109;3
334;335;220;60.0;164;11:55,7:109;3
335;336;321;87.4390243902439;164;11:55,7:109;3
336;9;367;120.0;109;7:109;3
336;31;243;70.9090909090909;55;11:55;3
337;354;164;53.39449541284404;109;7:109;3
338;355;249;60.0;109;7:109;3
339;338;188;60.0;109;7:109;3
340;341;322;60.0;109;7:109;3
341;342;223;60.0;136;10:27,7:109;3
342;495;487;120.0;27;10:27;3
342;343;222;60.0;109;7:109;3
343;348;300;60.0;109;7:109;3
344;349;316;60.0;109;7:109;3
345;346;346;109.05109489051095;137;10:28,7:109;3
346;347;366;121.32352941176471;136;10:27,7:109;3
347;344;194;56.69724770642202;109;7:109;3
347;479;256;60.0;27;10:27;3
348;345;160;56.69724770642202;109;7:109;3
349;350;209;60.0;109;7:109;3
350;351;244;84.96350364963503;137;10:28,7:109;3
351;480;154;60.0;28;10:28;3
351;352;191;28.623853211009173;109;7:109;3
352;339;404;91.37614678899082;109;7:109;3
353;340;279;60.0;109;7:109;3
354;353;220;60.0;109;7:109;3
355;513;547;202.56880733944953;109;7:109;3
356;20;277;60.0;109;7:109;3
356;500;249;60.0;84;6:84;3
357;512;241;60.0;193;6:84,7:109;3
358;359;248;29.454545454545453;165;11:56,7:109;3
359;360;217;60.0;165;11:56,7:109;3
360;361;277;60.0;165;11:56,7:109;3
361;362;251;53.45454545454545;165;11:56,7:109;3
362;331;311;60.0;109;7:109;3
362;381;214;60.0;56;11:56;3
363;8;652;126.0;10;35:10;3
364;224;375;69.64285714285714;56;11:56;3
365;523;345;84.64285714285714;56;11:56;3
365;542;297;48.46153846153846;26;16:26;3
366;376;323;108.21428571428571;56;11:56;3
367;377;292;90.54545454545455;55;11:55;3
368;442;280;53.39449541284404;109;41:14,11:56,23:39;3
369;372;238;60.0;56;11:56;3
370;373;274;60.0;55;11:55;3
371;370;242;56.72727272727273;55;11:55;3
372;197;345;58.92857142857143;56;11:56;3
373;532;261;80.72727272727273;55;11:55;3
374;369;156;60.0;56;11:56;3
375;367;361;117.81818181818181;55;11:55;3
375;443;609;120.0;41;23:41;3
375;263;501;165.0;16;41:16;3
376;368;383;114.64285714285714;56;11:56;3
377;265;324;120.0;55;11:55;3
378;522;581;117.81818181818181;55;11:55;3
379;256;321;60.0;80;16:25,11:55;3
380;139;408;66.54545454545455;55;11:55;3
381;364;362;60.0;56;11:56;3
382;427;685;130.9090909090909;11;35:11;3
383;382;766;158.1818181818182;11;35:11;3
384;454;391;60.0;64;20:33,31:31;3
385;465;408;61.07142857142857;56;33:36,13:20;3
386;387;552;72.0;20;13:20;3
387;388;240;60.0;20;13:20;3
388;389;312;60.0;20;13:20;3
389;390;285;48.0;20;13:20;3
390;488;329;60.0;20;13:20;3
391;419;228;60.0;20;13:20;3
392;312;339;85.55555555555556;54;10:54;3
393;395;628;174.44444444444446;54;10:54;3
393;452;1026;204.6153846153846;39;29:39;3
393;499;534;120.0;20;13:20;3
394;396;279;60.0;54;10:54;3
395;394;363;106.66666666666667;54;10:54;3
396;397;377;114.44444444444444;54;10:54;3
397;398;397;112.22222222222223;54;10:54;3
398;399;264;60.0;54;10:54;3
399;520;456;128.57142857142858;56;10:56;3
400;401;400;70.9090909090909;132;10:56,28:36,37:40;3
401;241;426;116.05263157894737;76;28:36,37:40;3
401;402;209;60.0;56;10:56;3
402;403;333;60.0;56;10:56;3
403;663;312;64.21052631578948;57;10:57;3
404;242;355;60.0;109;5:109;3
405;406;320;60.0;55;10:55;3
406;407;267;60.0;55;10:55;3
407;408;266;58.64661654135338;133;10:55,28:37,37:41;3
408;472;733;180.0;41;37:41;3
408;491;720;171.8918918918919;37;28:37;3
408;117;204;60.0;55;10:55;3
409;410;358;112.36363636363636;55;10:55;3
410;411;263;74.18181818181819;55;10:55;3
411;412;277;60.0;54;10:54;3
412;414;369;105.55555555555556;54;10:54;3
413;415;599;165.55555555555554;54;10:54;3
414;413;235;24.444444444444443;54;10:54;3
415;314;293;67.77777777777777;54;10:54;3
415;891;832;111.89189189189189;37;29:37;3
416;417;276;60.0;54;10:54;3
417;315;254;65.55555555555556;54;10:54;3
418;1004;1329;208.88888888888889;54;10:54;3
419;294;304;66.0;20;13:20;3
420;295;251;54.255319148936174;94;1:94;3
421;422;397;60.0;20;13:20;3
422;423;526;93.0;20;13:20;3
423;385;323;60.0;20;13:20;3
424;386;449;114.0;20;13:20;3
424;142;461;157.2972972972973;37;33:37;3
425;78;478;120.24096385542168;249;8:67,1:93,2:89;3
426;620;531;91.36363636363636;44;35:11,20:33;3
426;551;555;120.0;7;19:7;3
427;426;596;98.82352941176471;51;35:11,19:7,20:33;3
428;363;777;120.0;10;35:10;3
429;428;632;114.0;10;35:10;3
429;470;604;130.0;42;19:9,20:33;3
430;431;361;60.0;50;36:11,21:39;3
431;232;1168;229.0909090909091;11;36:11;3
431;432;427;112.3076923076923;39;21:39;3
432;231;562;78.46153846153847;39;21:39;3
433;434;451;87.6923076923077;39;21:39;3
434;435;328;68.57142857142857;49;36:10,21:39;3
435;935;1172;120.0;49;36:10,21:39;3
436;478;308;60.0;62;34:26,22:36;3
437;440;992;361.6666666666667;36;22:36;3
437;275;990;272.3076923076923;26;34:26;3
437;438;973;259.35483870967744;31;43:31;3
438;439;952;226.0;30;43:30;3
439;474;564;107.86516853932584;89;34:25,43:30,22:34;3
440;459;565;212.45901639344262;61;46:8,45:18,22:35;3
441;1171;555;60.0;39;23:39;3
442;441;589;60.0;39;23:39;3
442;1181;2534;240.0;14;41:14;3
442;374;189;58.92857142857143;56;11:56;3
443;262;318;48.292682926829265;41;23:41;3
444;16;114;60.0;48;27:48;3
445;368;577;113.84615384615384;39;23:39;3
446;375;343;70.17857142857143;112;41:16,11:55,23:41;3
447;446;538;60.0;41;23:41;3
448;1177;793;111.0;100;24:40,25:36,26:24;3
449;487;187;60.0;59;9:59;3
450;207;559;63.529411764705884;102;24:40,25:37,26:25;3
451;520;532;204.7826086956522;92;3:92;3
452;1333;7905;736.1538461538462;26;39:26;3
452;415;1005;265.94594594594594;37;29:37;3
453;877;3898;456.0;5;38:5;3
453;862;5619;518.1818181818181;44;40:26,38:18;3
454;455;236;47.8125;64;20:33,31:31;3
455;142;1016;183.75;64;20:33,31:31;3
456;457;267;56.25;64;20:33,31:31;3
457;180;352;60.0;31;31:31;3
457;134;544;67.27272727272727;33;20:33;3
458;461;365;73.28571428571429;140;32:28,42:48,46:10,45:19,22:35;3
459;462;338;72.3529411764706;136;32:28,42:47,46:8,45:18,22:35;3
460;459;566;195.2;75;32:28,42:47;3
460;439;963;254.11764705882354;34;22:34;3
461;440;493;167.58620689655172;29;45:19,46:10;3
461;460;494;197.83783783783784;111;32:28,42:48,22:35;3
462;1346;12142;743.3333333333334;18;45:18;3
462;1051;4976;387.42857142857144;35;22:35;3
462;1429;16805;1005.0;8;46:8;3
462;1030;5036;379.2857142857143;28;32:28;3
462;1029;4702;496.59574468085106;47;42:47;3
463;511;493;61.07142857142857;56;33:36,13:20;3
464;463;478;78.21428571428571;56;33:36,13:20;3
465;464;164;51.42857142857143;56;33:36,13:20;3
466;424;300;62.10526315789474;57;33:37,13:20;3
467;466;243;49.473684210526315;57;33:37,13:20;3
468;467;416;62.10526315789474;57;33:37,13:20;3
469;265;100;60.0;25;34:25;3
470;260;897;180.0;9;19:9;3
470;4;408;80.0;33;20:33;3
471;61;363;116.36363636363636;66;8:66;3
472;400;672;195.0;40;37:40;3
472;1222;8293;755.0;12;44:12;3
473;259;285;60.0;120;4:114,15:6;3
474;936;373;64.0677966101695;59;34:25,22:34;3
474;933;455;116.47058823529412;85;43:30,11:55;3
475;448;533;106.2;100;24:40,25:36,26:24;3
476;193;711;166.61870503597123;139;24:40,25:36,26:24,23:39;3
477;146;495;191.70731707317074;41;23:41;3
477;215;432;112.3529411764706;102;24:40,25:37,26:25;3
478;437;476;108.38709677419355;93;34:26,43:31,22:36;3
478;271;371;100.97560975609755;164;11:56,4:108;3
479;341;144;60.0;27;10:27;3
480;345;225;60.0;28;10:28;3
481;483;345;124.56521739130434;92;3:92;3
483;128;229;80.8695652173913;92;3:92;3
485;415;513;120.0;20;13:20;3
486;449;434;186.10169491525423;59;9:59;3
487;148;238;116.66666666666667;36;33:36;3
487;108;371;154.57627118644066;59;9:59;3
488;489;229;60.0;20;13:20;3
489;307;437;75.0;20;13:20;3
490;148;272;60.0;33;20:33;3
491;400;659;183.33333333333334;36;28:36;3
492;275;943;300.0;14;41:14;3
493;191;445;253.42105263157896;76;24:40,25:36;3
495;710;686;200.0;27;10:27;3
495;503;414;66.42857142857143;84;6:84;3
496;350;462;77.14285714285714;28;10:28;3
496;502;343;96.42857142857143;84;6:84;3
497;162;277;60.0;33;12:33;3
498;245;425;113.87755102040816;49;27:49;3
499;318;276;60.0;20;13:20;3
500;82;427;130.71428571428572;84;6:84;3
501;495;347;66.42857142857143;84;6:84;3
502;701;503;125.71428571428571;84;6:84;3
503;513;641;120.0;84;6:84;3
504;496;430;84.28571428571429;84;6:84;3
505;191;488;247.5;24;26:24;3
506;141;246;60.0;198;4:114,6:84;3
507;511;365;80.29850746268657;201;4:117,6:84;3
508;142;295;60.0;201;4:117,6:84;3
509;248;452;133.78378378378378;74;16:25,36:10,21:39;3
509;26;170;120.0;11;35:11;3
510;468;590;95.78947368421052;57;33:37,13:20;3
511;154;379;68.75;144;19:7,4:117,13:20;3
511;565;600;111.5;120;33:36,6:84;3
512;514;274;60.0;84;6:84;3
512;516;246;60.0;109;7:109;3
513;356;232;56.58031088082902;193;6:84,7:109;3
514;504;582;60.0;84;6:84;3
516;337;576;138.71559633027522;109;7:109;3
517;592;274;64.0;15;14:15;3
517;473;262;60.0;114;4:114;3
518;530;259;84.78260869565217;92;3:92;3
519;135;444;64.56521739130434;92;3:92;3
520;118;258;60.0;148;10:56,3:92;3
521;409;549;178.9090909090909;55;10:55;3
521;451;512;180.0;92;3:92;3
522;379;280;64.36363636363636;55;11:55;3
523;40;532;128.57142857142858;56;11:56;3
524;185;205;27.272727272727273;66;8:66;3
525;517;594;167.3684210526316;114;4:114;3
526;517;570;180.0;15;14:15;3
527;67;221;60.0;67;8:67;3
528;358;173;62.142857142857146;56;11:56;3
529;222;609;132.72727272727272;66;8:66;3
530;99;324;82.04081632653062;147;11:55,3:92;3
531;7;317;117.85714285714286;56;11:56;3
531;519;323;116.73913043478261;92;3:92;3
532;446;147;39.27272727272727;55;11:55;3
533;107;329;256.95652173913044;92;3:92;3
535;663;1571;285.0;4;17:4;3
535;647;3383;780.0;3;17:3;3
536;311;279;60.0;54;10:54;3
537;1009;1473;251.66666666666666;36;30:36;3
538;73;299;65.51724137931035;87;2:87;3
540;478;331;116.11111111111111;108;4:108;3
541;933;314;60.0;107;4:107;3
542;544;674;126.92307692307692;26;16:26;3
543;379;277;40.8;25;16:25;3
544;10;670;212.30769230769232;26;16:26;3
545;543;679;120.0;25;16:25;3
547;259;310;60.0;76;11:56,13:20;3
548;126;524;173.55704697986576;149;9:57,3:92;3
549;150;828;282.85714285714283;7;19:7;3
550;1;383;69.27835051546391;97;1:97;3
550;429;638;213.33333333333334;9;19:9;3
550;473;429;90.0;6;15:6;3
551;643;336;78.71559633027523;109;1:98,19:7,15:4;3
552;553;184;40.0;33;12:33;3
553;554;376;120.0;33;12:33;3
554;555;292;60.0;84;6:84;3
554;598;108;20.0;33;12:33;3
555;556;278;56.36363636363637;99;14:15,6:84;3
556;617;230;60.0;15;14:15;3
556;557;226;54.285714285714285;84;6:84;3
557;558;200;37.142857142857146;84;6:84;3
558;559;321;60.0;84;6:84;3
559;560;234;54.285714285714285;84;6:84;3
560;561;255;60.0;132;12:33,14:15,6:84;3
561;601;486;120.0;15;14:15;3
561;562;493;60.51282051282051;117;12:33,6:84;3
562;563;418;101.15702479338843;121;12:33,6:84,15:4;3
563;564;625;88.48101265822785;158;33:37,12:33,6:84,15:4;3
564;154;422;79.45945945945945;37;12:33,15:4;3
564;140;534;113.57142857142857;84;6:84;3
564;510;454;60.0;37;33:37;3
565;566;458;65.625;160;33:36,12:34,6:84,15:6;3
566;606;911;150.0;36;33:36;3
566;567;600;91.45161290322581;124;12:34,6:84,15:6;3
567;568;317;60.0;118;12:34,6:84;3
567;601;778;120.0;6;15:6;3
568;569;219;41.954887218045116;133;12:34,14:15,6:84;3
569;570;333;60.0;84;6:84;3
569;610;366;85.71428571428571;49;12:34,14:15;3
570;571;333;60.0;84;6:84;3
571;572;182;27.857142857142858;84;6:84;3
572;573;206;60.0;84;6:84;3
573;574;304;47.878787878787875;99;14:15,6:84;3
574;598;161;20.0;15;14:15;3
574;575;253;60.0;84;6:84;3
575;576;347;109.41176470588235;34;12:34;3
575;587;304;60.0;84;6:84;3
576;577;268;70.58823529411765;34;12:34;3
577;629;217;60.0;34;12:34;3
578;582;593;67.3170731707317;82;8:67,14:15;3
579;605;600;67.4074074074074;81;8:66,14:15;3
580;1014;149;60.0;15;14:15;3
580;999;183;60.0;67;8:67;3
581;579;267;60.0;81;8:66,14:15;3
582;580;275;60.0;82;8:67,14:15;3
583;578;319;60.0;67;8:67;3
584;585;723;60.0;5;33:5;3
584;630;157;53.333333333333336;18;33:18;3
585;601;220;60.0;37;33:37;3
585;586;189;60.0;84;6:84;3
586;596;461;78.57142857142857;84;6:84;3
587;597;527;102.85714285714286;84;6:84;3
588;618;195;12.0;15;14:15;3
589;590;547;124.0;15;14:15;3
590;591;293;33.91304347826087;46;14:15,31:31;3
591;156;1013;170.32258064516128;31;31:31;3
591;639;402;100.0;15;14:15;3
592;593;274;41.73913043478261;46;14:15,31:31;3
593;594;562;136.0;15;14:15;3
593;623;315;34.83870967741935;31;31:31;3
594;588;336;60.0;15;14:15;3
595;589;325;64.0;15;14:15;3
596;554;333;60.0;84;6:84;3
597;628;176;60.0;84;6:84;3
598;599;352;60.0;48;12:33,14:15;3
599;600;234;87.5;48;12:33,14:15;3
600;560;319;92.5;48;12:33,14:15;3
601;602;324;60.0;52;33:37,14:15;3
602;603;395;65.76923076923077;52;33:37,14:15;3
603;604;447;83.07692307692308;52;33:37,14:15;3
604;578;526;112.0;15;14:15;3
604;563;892;180.0;37;33:37;3
605;632;347;60.0;66;8:66;3
605;606;551;96.0;15;14:15;3
606;607;346;60.0;51;33:36,14:15;3
607;608;457;100.0;51;33:36,14:15;3
607;636;1124;240.0;7;18:7;3
608;609;343;60.0;51;33:36,14:15;3
609;568;476;120.0;15;14:15;3
609;562;974;180.0;4;15:4;3
609;628;209;60.0;36;33:36;3
610;611;267;94.28571428571429;49;12:34,14:15;3
611;612;311;60.0;49;12:34,14:15;3
612;555;204;28.0;15;14:15;3
612;575;75;10.588235294117647;34;12:34;3
613;614;807;65.45454545454545;33;20:33;3
614;637;552;92.72727272727273;33;20:33;3
615;616;774;61.81818181818182;33;20:33;3
616;1090;1761;183.63636363636363;33;20:33;3
617;595;234;28.0;15;14:15;3
618;573;231;60.0;15;14:15;3
619;429;552;78.13953488372093;43;35:10,20:33;3
620;787;3337;354.54545454545456;11;35:11;3
620;638;580;112.72727272727273;33;20:33;3
621;622;532;75.48387096774194;31;31:31;3
622;624;535;63.87096774193548;31;31:31;3
623;625;412;63.87096774193548;31;31:31;3
624;590;324;48.38709677419355;31;31:31;3
625;626;740;94.83870967741936;31;31:31;3
626;1096;713;73.54838709677419;31;31:31;3
627;584;630;26.08695652173913;23;33:23;3
628;633;778;117.0;20;33:20;3
628;634;745;60.0;5;33:5;3
628;630;739;137.05263157894737;95;33:11,6:84;3
629;552;268;80.0;33;12:33;3
630;585;746;172.75862068965517;116;33:32,6:84;3
631;621;677;69.6774193548387;31;31:31;3
632;640;399;60.0;66;8:66;3
633;1292;6170;571.2;25;33:25;3
634;635;612;60.0;5;33:5;3
635;633;646;180.0;5;33:5;3
636;603;1164;300.0;7;18:7;3
637;619;605;109.0909090909091;33;20:33;3
638;615;576;69.0909090909091;33;20:33;3
639;525;443;139.48717948717947;117;4:117;3
639;526;421;148.0;15;14:15;3
640;524;323;60.0;66;8:66;3
641;583;394;62.6865671641791;67;8:67;3
642;550;269;61.07142857142857;112;1:97,19:9,15:6;3
643;645;402;124.40366972477064;109;1:98,19:7,15:4;3
644;642;410;120.0;112;1:97,19:9,15:6;3
645;644;40;60.0;98;1:98;3
646;639;321;60.0;117;4:117;3
646;551;259;105.0;4;15:4;3
647;648;215;60.0;112;10:28,6:84;3
647;705;983;120.0;4;17:4;3
647;535;3383;740.0;3;17:3;3
648;660;275;60.0;112;10:28,6:84;3
649;661;279;60.0;113;10:29,6:84;3
650;703;218;62.67857142857143;112;10:28,6:84;3
651;652;526;110.71428571428571;84;6:84;3
651;671;515;113.57142857142857;28;10:28;3
652;656;870;139.59183673469389;49;27:49;3
652;700;699;185.71428571428572;84;6:84;3
653;657;893;140.0;48;27:48;3
654;653;488;120.0;48;27:48;3
655;498;334;60.0;49;27:49;3
656;655;472;116.3265306122449;49;27:49;3
657;658;346;60.0;84;6:84;3
657;686;843;110.0;48;27:48;3
658;704;332;62.123893805309734;113;10:29,6:84;3
659;649;342;59.469026548672566;113;10:29,6:84;3
660;650;299;51.42857142857143;112;10:28,6:84;3
661;670;204;14.482758620689655;29;10:29;3
661;647;160;67.85714285714286;84;6:84;3
662;238;188;43.73831775700935;107;5:107;3
663;675;256;66.20689655172414;29;10:29;3
663;677;955;180.0;4;17:4;3
663;709;266;77.14285714285714;28;10:28;3
664;674;310;60.0;107;5:107;3
665;664;201;60.0;107;5:107;3
666;667;359;60.0;28;10:28;3
667;679;371;68.57142857142857;28;10:28;3
668;680;409;60.0;29;10:29;3
669;684;1215;213.0612244897959;49;27:49;3
669;647;908;195.0;28;10:28;3
670;678;856;190.3448275862069;29;10:29;3
671;707;894;210.0;4;17:4;3
671;676;285;60.0;28;10:28;3
672;677;387;74.48275862068965;29;10:29;3
673;707;248;75.0;28;10:28;3
674;662;300;60.0;107;5:107;3
675;672;404;91.03448275862068;29;10:29;3
676;673;442;115.71428571428571;28;10:28;3
677;658;345;60.0;29;10:29;3
677;694;479;60.0;4;17:4;3
678;688;381;60.0;48;27:48;3
678;668;247;60.0;29;10:29;3
679;669;260;60.0;28;10:28;3
680;666;312;60.0;29;10:29;3
681;683;907;122.44897959183673;49;27:49;3
682;669;356;60.0;49;27:49;3
683;682;336;60.0;49;27:49;3
684;685;307;56.326530612244895;49;27:49;3
685;652;865;133.46938775510205;49;27:49;3
686;690;322;26.25;48;27:48;3
687;689;928;105.0;48;27:48;3
688;687;269;60.0;48;27:48;3
689;721;677;60.0;5;27:5;3
689;722;839;120.0;43;27:43;3
690;678;1186;170.0;48;27:48;3
691;692;762;120.0;4;17:4;3
692;696;429;75.0;4;17:4;3
693;697;460;75.0;4;17:4;3
694;693;663;105.0;4;17:4;3
695;671;506;60.0;4;17:4;3
696;695;725;120.0;4;17:4;3
697;698;782;105.0;4;17:4;3
698;706;538;120.0;4;17:4;3
699;404;325;79.26605504587155;109;5:109;3
700;501;501;145.0;84;6:84;3
701;657;718;150.0;84;6:84;3
702;880;1082;125.52631578947368;76;28:36,37:40;3
703;651;186;26.785714285714285;112;10:28,6:84;3
704;659;182;43.008849557522126;113;10:29,6:84;3
705;691;517;120.0;4;17:4;3
706;647;976;120.0;4;17:4;3
707;405;293;60.0;55;10:55;3
707;535;1562;315.0;4;17:4;3
708;702;417;130.0;6;37:6;3
708;238;1893;240.0;7;37:7;3
709;496;685;222.85714285714286;28;10:28;3
710;707;294;66.66666666666667;27;10:27;3
711;712;275;103.92857142857143;56;27:49,47:7;3
711;748;365;60.0;7;47:7;3
712;728;472;130.71428571428572;56;27:49,47:7;3
713;729;454;130.71428571428572;56;27:48,47:8;3
714;713;760;180.0;8;47:8;3
715;760;465;60.0;49;27:49;3
716;725;696;68.57142857142857;49;27:49;3
717;726;806;120.0;48;27:48;3
718;719;266;60.0;49;27:49;3
719;720;396;60.0;49;27:49;3
720;681;872;125.45454545454545;44;27:44;3
720;721;272;120.0;5;27:5;3
721;681;700;120.0;5;27:5;3
721;722;251;120.0;5;27:5;3
722;723;422;60.0;48;27:48;3
723;724;239;60.0;48;27:48;3
724;717;452;75.0;48;27:48;3
725;718;443;111.42857142857143;49;27:49;3
726;761;612;117.5;48;27:48;3
727;713;237;60.0;48;27:48;3
728;714;752;145.71428571428572;7;47:7;3
728;715;228;60.0;49;27:49;3
729;730;303;102.85714285714286;56;27:48,47:8;3
730;758;320;67.61904761904762;63;27:48,47:15;3
731;752;645;60.0;14;47:14;3
732;749;475;60.0;7;47:7;3
733;742;643;76.8;50;28:36,47:14;3
734;750;442;60.0;7;47:7;3
735;730;331;60.0;7;47:7;3
736;737;585;83.29411764705883;85;27:48,28:37;3
737;754;457;136.09756097560975;41;27:4,28:37;3
737;757;398;180.0;44;27:44;3
738;739;299;61.09090909090909;55;27:4,28:37,47:14;3
739;740;438;63.27272727272727;55;27:4,28:37,47:14;3
740;741;320;36.0;55;27:4,28:37,47:14;3
741;731;695;60.0;14;47:14;3
741;755;795;92.43243243243244;37;28:37;3
742;743;580;91.63636363636364;55;27:5,28:36,47:14;3
743;744;274;7.636363636363637;55;27:5,28:36,47:14;3
744;745;290;60.0;55;27:5,28:36,47:14;3
745;757;567;120.0;5;27:5;3
745;751;529;97.2;50;28:36,47:14;3
746;747;617;72.0;85;27:49,28:36;3
747;759;282;60.0;85;27:49,28:36;3
748;734;1911;240.0;7;47:7;3
749;735;1873;300.0;7;47:7;3
751;746;442;160.0;36;28:36;3
751;759;709;248.57142857142858;14;47:14;3
752;962;714;60.0;14;47:14;3
753;733;736;124.28571428571429;14;47:14;3
754;738;519;115.63636363636364;55;27:4,28:37,47:14;3
755;960;1537;204.32432432432432;37;28:37;3
756;758;545;180.0;37;28:37;3
757;746;382;120.0;49;27:49;3
758;736;307;60.0;85;27:48,28:37;3
758;754;747;272.0;15;47:15;3
759;756;540;120.0;36;28:36;3
759;711;332;70.47619047619048;63;27:49,47:14;3
760;716;723;108.9795918367347;49;27:49;3
761;727;457;60.0;48;27:48;3
762;763;253;60.0;39;21:39;3
763;764;171;58.46153846153846;39;21:39;3
764;765;504;120.0;39;21:39;3
765;766;341;69.23076923076923;39;21:39;3
766;778;247;0.0;1;21:1;3
766;797;188;60.0;30;43:30;3
766;767;300;60.0;38;21:38;3
767;768;242;67.6923076923077;39;21:39;3
767;791;584;120.0;11;36:11;3
768;769;486;60.0;39;21:39;3
769;770;425;110.76923076923077;39;21:39;3
770;771;359;60.0;39;21:39;3
771;772;1155;116.4;50;36:11,21:39;3
772;934;1558;130.8;50;36:11,21:39;3
773;774;1096;113.87755102040816;49;36:10,21:39;3
774;796;561;60.0;10;36:10;3
774;775;367;72.3076923076923;39;21:39;3
775;776;465;106.15384615384616;39;21:39;3
776;777;409;72.3076923076923;39;21:39;3
777;778;327;60.0;1;21:1;3
777;797;373;116.84210526315789;38;21:38;3
778;802;1218;240.0;1;21:1;3
778;795;182;15.789473684210526;19;48:8,36:10,21:1;3
779;800;430;108.38709677419355;31;43:31;3
779;780;405;118.46153846153847;39;21:39;3
780;781;512;75.38461538461539;39;21:39;3
781;782;172;60.0;39;21:39;3
782;762;238;60.0;39;21:39;3
783;784;904;66.0;10;35:10;3
784;785;505;60.0;10;35:10;3
785;786;824;84.0;10;35:10;3
786;619;3320;378.0;10;35:10;3
787;788;743;60.0;11;35:11;3
788;789;569;60.0;11;35:11;3
789;790;872;81.81818181818181;11;35:11;3
790;1235;2133;174.54545454545453;11;35:11;3
791;771;548;60.0;11;36:11;3
792;797;207;60.0;1;21:1;3
792;767;210;34.73684210526316;19;48:8,36:11;3
793;792;472;84.0;20;48:8,36:11,21:1;3
794;809;591;82.10526315789474;19;48:8,36:10,21:1;3
795;794;474;107.36842105263158;19;48:8,36:10,21:1;3
796;778;646;144.0;10;36:10;3
797;779;163;5.142857142857143;70;43:31,21:39;3
798;805;389;71.61290322580645;31;43:31;3
799;801;300;68.0;30;43:30;3
800;798;306;60.0;31;43:31;3
801;766;385;60.0;30;43:30;3
802;793;590;69.0;20;48:8,36:11,21:1;3
803;939;2028;212.90322580645162;31;43:31;3
804;808;412;60.0;30;43:30;3
805;807;673;120.0;31;43:31;3
806;799;402;60.0;30;43:30;3
807;803;386;60.0;31;43:31;3
808;806;649;120.0;30;43:30;3
809;1373;920;133.33333333333334;18;48:8,36:10;3
809;767;1282;180.0;1;21:1;3
810;811;1921;180.0;33;24:33;3
811;812;426;91.5;40;24:40;3
812;813;340;60.0;40;24:40;3
813;814;335;120.0;56;24:40,41:16;3
814;815;354;66.0;40;24:40;3
814;839;532;120.0;16;41:16;3
815;816;758;76.5;40;24:40;3
816;817;429;60.0;40;24:40;3
817;818;822;120.0;40;24:40;3
818;819;1365;181.5;40;24:40;3
818;1163;2126;275.80645161290323;62;25:37,26:25;3
819;1163;847;120.0;40;24:40;3
820;821;1288;166.5;40;24:40;3
821;832;737;61.0;60;25:36,26:24;3
821;822;847;73.5;40;24:40;3
822;823;416;55.5;40;24:40;3
823;824;707;63.0;40;24:40;3
824;825;424;120.0;40;24:40;3
825;826;303;60.0;54;24:40,41:14;3
826;840;337;25.714285714285715;14;41:14;3
826;827;398;88.5;40;24:40;3
827;828;398;61.5;40;24:40;3
828;829;1806;143.63636363636363;33;24:33;3
829;1376;2849;240.0;33;24:33;3
830;831;1013;77.83783783783784;37;25:37;3
831;818;736;77.41935483870968;62;25:37,26:25;3
832;833;915;65.0;36;25:36;3
832;836;1538;180.0;24;26:24;3
833;1205;1120;120.0;36;25:36;3
834;835;309;38.4;25;26:25;3
835;831;1509;192.0;25;26:25;3
836;837;242;0.0;24;26:24;3
837;1299;1707;220.0;24;26:24;3
838;825;573;180.0;14;41:14;3
839;1167;2708;393.75;16;41:16;3
840;842;295;34.285714285714285;14;41:14;3
841;813;257;0.0;16;41:16;3
842;1208;3601;385.7142857142857;14;41:14;3
843;841;333;60.0;16;41:16;3
844;845;548;110.0;36;30:36;3
845;868;426;70.0;36;30:36;3
845;846;227;60.0;23;38:23;3
846;865;1818;240.0;5;38:5;3
846;453;5601;538.6046511627907;43;40:25,38:18;3
847;860;368;75.0;36;30:36;3
848;861;283;60.0;36;30:36;3
849;850;236;53.333333333333336;36;30:36;3
850;851;671;126.66666666666667;36;30:36;3
851;852;806;118.33333333333333;36;30:36;3
852;853;448;70.0;36;30:36;3
853;854;563;60.0;36;30:36;3
854;1008;555;65.0;36;30:36;3
855;856;575;60.0;36;30:36;3
856;857;449;71.66666666666667;36;30:36;3
857;858;725;120.0;36;30:36;3
858;859;733;113.33333333333333;36;30:36;3
859;875;339;60.0;36;30:36;3
860;849;315;66.66666666666667;36;30:36;3
861;873;333;60.0;36;30:36;3
862;872;398;103.84615384615384;26;40:26;3
862;863;193;60.0;23;38:23;3
863;864;298;39.66101694915254;59;38:23,30:36;3
864;876;278;60.0;23;38:23;3
864;844;267;60.0;36;30:36;3
865;453;3820;408.0;5;38:5;3
866;874;814;75.65217391304348;23;38:23;3
867;1361;1852;193.04347826086956;23;38:23;3
868;847;377;110.0;36;30:36;3
869;846;375;124.8;25;40:25;3
870;869;276;60.0;25;40:25;3
871;1107;2791;200.76923076923077;26;40:26;3
872;871;328;60.0;26;40:26;3
873;863;400;63.333333333333336;36;30:36;3
874;845;546;67.82608695652173;23;38:23;3
875;848;414;71.66666666666667;36;30:36;3
876;867;823;73.04347826086956;23;38:23;3
877;862;1750;300.0;5;38:5;3
878;879;1071;128.46153846153845;78;28:37,37:41;3
879;708;450;137.14285714285714;7;37:7;3
879;238;1942;253.5211267605634;71;28:37,37:34;3
880;961;1560;193.33333333333334;36;28:36;3
880;907;380;180.0;1;37:1;3
880;966;1663;233.84615384615384;39;37:39;3
881;906;654;69.23076923076923;39;29:39;3
882;883;272;60.0;39;29:39;3
883;884;507;111.92307692307692;52;29:39,47:13;3
884;885;373;60.0;52;29:39,47:13;3
885;886;346;61.15384615384615;52;29:39,47:13;3
886;887;1072;107.6923076923077;39;29:39;3
887;888;781;63.07692307692308;39;29:39;3
888;889;552;21.53846153846154;39;29:39;3
889;890;1033;107.6923076923077;39;29:39;3
890;393;990;127.6923076923077;39;29:39;3
891;892;1170;120.0;37;29:37;3
892;893;575;55.13513513513514;37;29:37;3
893;894;851;71.35135135135135;37;29:37;3
894;895;1028;115.13513513513513;37;29:37;3
895;896;321;63.529411764705884;51;29:37,47:14;3
896;897;372;60.0;51;29:37,47:14;3
897;898;512;103.52941176470588;51;29:37,47:14;3
898;899;296;60.0;37;29:37;3
898;902;362;60.0;14;47:14;3
899;904;277;107.02702702702703;37;29:37;3
900;1336;912;120.0;37;29:37;3
901;883;366;60.0;13;47:13;3
902;908;288;60.0;14;47:14;3
903;882;312;93.84615384615384;39;29:39;3
904;905;558;60.0;37;29:37;3
905;900;673;60.0;37;29:37;3
906;903;502;60.0;39;29:39;3
907;966;1333;240.0;1;37:1;3
907;878;357;100.0;3;37:3;3
908;973;1351;231.42857142857142;14;47:14;3
909;901;259;46.15384615384615;13;47:13;3
910;540;381;60.0;108;4:108;3
911;953;364;78.94736842105263;57;9:57;3
911;954;489;80.6896551724138;87;43:31,11:56;3
912;913;350;51.235955056179776;89;2:89;3
913;914;314;60.0;89;2:89;3
914;916;277;60.0;89;2:89;3
915;931;526;120.0;4;2:4;3
916;917;283;64.71910112359551;89;2:89;3
917;920;393;83.59550561797752;89;2:89;3
918;943;365;118.92857142857143;56;16:25,43:31;3
919;949;505;120.0;56;16:26,43:30;3
920;921;380;60.0;89;2:89;3
921;925;498;97.75280898876404;89;2:89;3
922;926;429;102.75862068965517;87;2:87;3
922;951;952;182.0;30;43:30;3
923;296;431;109.65517241379311;203;9:59,2:89,11:55;3
924;922;541;72.82051282051282;117;2:87,43:30;3
925;923;647;82.92134831460675;89;2:89;3
925;911;635;125.80645161290323;31;43:31;3
926;927;506;68.96551724137932;87;2:87;3
927;930;369;60.0;87;2:87;3
928;918;264;27.857142857142858;56;16:25,43:31;3
929;919;261;60.0;56;16:26,43:30;3
930;941;250;59.310344827586206;87;2:87;3
931;932;326;60.0;87;2:87;3
932;948;331;32.41379310344828;87;2:87;3
933;923;514;127.63636363636364;55;11:55;3
933;924;570;120.0;30;43:30;3
933;910;29;60.0;107;4:107;3
934;430;1239;123.6;50;36:11,21:39;3
935;773;1563;120.0;49;36:10,21:39;3
936;1137;2420;201.6;25;34:25;3
936;1129;1700;128.8235294117647;34;22:34;3
937;950;460;120.0;31;43:31;3
938;940;605;110.0;30;43:30;3
939;937;743;123.87096774193549;31;43:31;3
940;804;2047;194.0;30;43:30;3
941;931;260;60.0;83;2:83;3
941;915;480;120.0;4;2:4;3
942;1351;6542;544.8;25;34:25;3
943;957;302;62.142857142857146;56;16:25,43:31;3
944;929;345;72.85714285714286;56;16:26,43:30;3
945;912;357;60.0;89;2:89;3
946;947;345;60.0;87;2:87;3
947;945;316;60.0;89;2:89;3
948;946;317;60.689655172413794;87;2:87;3
949;938;530;126.0;30;43:30;3
949;958;1754;240.0;26;16:26;3
950;928;515;118.92857142857143;56;16:25,43:31;3
951;956;365;62.142857142857146;56;16:26,43:30;3
952;925;943;166.4516129032258;31;43:31;3
953;923;504;88.47457627118644;59;9:59;3
954;478;389;120.0;87;43:31,11:56;3
955;950;1780;244.8;25;16:25;3
956;944;338;67.5;56;16:26,43:30;3
957;952;366;71.61290322580645;31;43:31;3
957;959;277;60.0;25;16:25;3
958;226;448;60.0;26;16:26;3
960;878;1550;191.35135135135135;37;28:37;3
961;733;1673;180.0;36;28:36;3
962;963;409;120.0;14;47:14;3
963;976;562;205.71428571428572;14;47:14;3
964;965;424;60.0;41;37:41;3
965;907;1293;240.0;3;37:3;3
965;878;1614;205.26315789473685;38;37:38;3
966;976;412;60.0;40;37:40;3
967;968;511;64.28571428571429;14;47:14;3
968;983;370;60.0;14;47:14;3
969;970;253;60.0;41;37:41;3
970;971;519;103.90243902439025;41;37:41;3
971;972;312;60.0;41;37:41;3
972;973;507;127.3170731707317;41;37:41;3
973;974;315;61.09090909090909;55;37:41,47:14;3
974;975;297;60.0;55;37:41,47:14;3
975;964;411;62.926829268292686;41;37:41;3
975;967;459;60.0;14;47:14;3
976;977;269;60.0;54;37:40,47:14;3
977;978;353;60.0;54;37:40,47:14;3
978;984;506;120.0;14;47:14;3
978;979;381;60.0;40;37:40;3
979;980;465;114.0;40;37:40;3
980;981;326;60.0;40;37:40;3
981;982;470;87.0;40;37:40;3
982;985;282;60.0;40;37:40;3
983;753;747;120.0;14;47:14;3
984;909;1227;180.0;13;47:13;3
985;987;251;60.0;40;37:40;3
986;969;234;60.0;41;37:41;3
987;1221;1277;172.5;40;37:40;3
988;1012;228;60.0;108;1:93,14:15;3
989;1018;283;29.174311926605505;109;1:94,14:15;3
990;1006;289;60.0;54;10:54;3
991;992;418;60.0;148;1:94,10:54;3
991;1017;246;60.0;15;14:15;3
992;1002;610;137.77777777777777;54;10:54;3
992;290;897;195.95744680851064;94;1:94;3
993;994;436;69.79591836734694;147;1:93,10:54;3
994;1019;195;60.0;162;1:93,10:54,14:15;3
995;996;249;60.0;54;10:54;3
996;1018;339;68.88888888888889;54;10:54;3
997;988;333;60.0;108;1:93,14:15;3
998;581;233;60.0;66;8:66;3
999;184;494;60.0;67;8:67;3
1000;1007;413;68.88888888888889;54;10:54;3
1001;1000;413;60.0;54;10:54;3
1002;1003;615;122.22222222222223;54;10:54;3
1003;536;1398;262.22222222222223;54;10:54;3
1004;1005;496;120.0;54;10:54;3
1005;993;682;167.77777777777777;54;10:54;3
1006;1001;239;60.0;54;10:54;3
1007;995;304;111.11111111111111;54;10:54;3
1008;537;1454;263.3333333333333;36;30:36;3
1009;855;546;63.333333333333336;36;30:36;3
1010;1013;204;60.0;109;1:94,14:15;3
1011;1010;307;64.95412844036697;109;1:94,14:15;3
1012;1011;257;60.0;108;1:93,14:15;3
1013;989;252;60.0;109;1:94,14:15;3
1014;1016;874;120.0;15;14:15;3
1015;581;129;0.0;15;14:15;3
1016;994;239;84.0;15;14:15;3
1017;1015;896;172.0;15;14:15;3
1018;991;210;60.0;163;1:94,10:54,14:15;3
1019;997;242;48.333333333333336;108;1:93,14:15;3
1019;990;362;113.33333333333333;54;10:54;3
1020;1021;338;60.0;35;22:35;3
1021;1022;323;51.42857142857143;35;22:35;3
1022;1035;293;60.0;35;22:35;3
1023;1036;321;60.0;35;22:35;3
1024;1025;410;60.0;28;32:28;3
1025;1026;357;70.71428571428571;28;32:28;3
1026;1027;272;61.578947368421055;76;32:28,42:48;3
1027;1028;337;73.42105263157895;76;32:28,42:48;3
1028;458;4989;458.9189189189189;37;32:28,42:9;3
1028;1029;281;187.69230769230768;39;42:39;3
1029;1053;293;8.936170212765957;47;42:47;3
1029;1054;312;0.0;39;42:39;3
1030;1031;291;60.0;75;32:28,42:47;3
1031;1032;238;60.0;75;32:28,42:47;3
1032;1033;352;75.0;28;32:28;3
1032;1046;394;79.14893617021276;47;42:47;3
1033;1034;419;60.0;28;32:28;3
1034;1055;636;96.42857142857143;28;32:28;3
1035;1050;1027;128.57142857142858;35;22:35;3
1036;1037;309;44.57142857142857;35;22:35;3
1037;1038;328;60.0;35;22:35;3
1038;1153;1380;120.0;35;22:35;3
1039;1056;769;94.28571428571429;28;32:28;3
1040;1060;1025;117.85714285714286;28;32:28;3
1041;1042;396;68.75;48;42:48;3
1042;1043;207;60.0;48;42:48;3
1043;1044;508;120.0;48;42:48;3
1044;1045;370;66.25;48;42:48;3
1045;1026;292;60.0;48;42:48;3
1046;1047;311;60.0;47;42:47;3
1047;1048;448;60.0;47;42:47;3
1048;1049;230;60.0;47;42:47;3
1049;1041;387;60.0;47;42:47;3
1050;458;4944;442.2857142857143;35;22:35;3
1051;1023;986;120.0;35;22:35;3
1052;1024;642;130.71428571428572;28;32:28;3
1053;1058;222;51.06382978723404;47;42:47;3
1054;1058;241;60.0;39;42:39;3
1055;1057;1703;177.85714285714286;28;32:28;3
1056;1052;1422;132.85714285714286;28;32:28;3
1057;1040;622;60.0;28;32:28;3
1058;458;4647;410.7692307692308;39;42:39;3
1058;1030;401;8.936170212765957;47;42:47;3
1059;1039;1121;128.57142857142858;28;32:28;3
1060;1143;1292;126.42857142857143;28;32:28;3
1061;1062;733;60.0;2;39:2;3
1062;1063;471;60.0;2;39:2;3
1063;1064;800;120.0;2;39:2;3
1064;1065;827;90.0;2;39:2;3
1064;1068;1255;240.0;1;39:1;3
1064;1069;1220;300.0;1;39:1;3
1065;1066;364;30.0;2;39:2;3
1066;1067;808;90.0;2;39:2;3
1067;1193;1310;180.0;2;39:2;3
1068;1069;285;120.0;25;39:25;3
1069;1070;306;60.0;25;39:25;3
1070;1071;304;60.0;25;39:25;3
1071;1072;405;84.0;25;39:25;3
1072;1073;978;72.0;25;39:25;3
1073;1081;623;60.0;25;39:25;3
1074;1075;1011;120.0;26;39:26;3
1075;1076;419;60.0;26;39:26;3
1076;1077;260;60.0;26;39:26;3
1077;1078;382;60.0;26;39:26;3
1078;1064;1153;240.0;2;39:2;3
1078;1079;263;120.0;26;39:26;3
1079;1188;2522;180.0;25;39:25;3
1080;1074;623;60.0;26;39:26;3
1081;1332;245;0.0;25;39:25;3
1082;1100;730;180.0;33;20:33;3
1083;1101;456;112.72727272727273;33;20:33;3
1084;1083;309;60.0;33;20:33;3
1085;1086;579;72.72727272727273;33;20:33;3
1086;1087;653;120.0;33;20:33;3
1087;1088;1957;300.0;1;20:1;3
1087;1089;659;60.0;32;20:32;3
1088;1089;2137;240.0;1;20:1;3
1088;1091;1965;240.0;1;20:1;3
1089;613;1730;180.0;33;20:33;3
1090;1091;663;60.0;32;20:32;3
1090;1099;570;60.0;1;20:1;3
1091;1092;532;154.54545454545453;33;20:33;3
1092;1093;421;60.0;33;20:33;3
1093;1084;398;60.0;33;20:33;3
1094;1085;335;60.0;33;20:33;3
1095;1094;277;60.0;33;20:33;3
1096;1098;1958;180.0;31;31:31;3
1097;631;2082;195.48387096774192;31;31:31;3
1098;1248;907;67.74193548387096;31;31:31;3
1099;1088;1907;240.0;1;20:1;3
1100;1095;504;103.63636363636364;33;20:33;3
1101;1082;722;120.0;33;20:33;3
1102;1112;1169;180.0;1;40:1;3
1102;1111;286;60.0;25;40:25;3
1103;1102;276;87.6923076923077;26;40:26;3
1104;1103;610;180.0;26;40:26;3
1105;1106;1316;134.4;25;40:25;3
1106;870;2769;240.0;25;40:25;3
1107;1108;900;60.0;26;40:26;3
1108;1110;358;60.0;26;40:26;3
1109;1105;224;60.0;25;40:25;3
1110;1104;268;60.0;26;40:26;3
1111;1109;575;177.6;25;40:25;3
1112;1113;497;30.0;2;40:2;3
1113;1114;887;90.0;2;40:2;3
1114;1115;1229;150.0;2;40:2;3
1115;1116;992;90.0;2;40:2;3
1116;1117;852;90.0;2;40:2;3
1117;1118;586;30.0;2;40:2;3
1118;1119;944;120.0;2;40:2;3
1119;1120;854;60.0;2;40:2;3
1120;1111;1338;240.0;1;40:1;3
1121;1135;989;120.0;34;22:34;3
1122;1136;819;85.16129032258064;31;22:31;3
1122;1267;1935;240.0;3;22:3;3
1123;1124;302;60.0;36;22:36;3
1124;1125;226;71.66666666666667;36;22:36;3
1125;1126;339;60.0;36;22:36;3
1126;1127;411;60.0;36;22:36;3
1127;1128;488;55.0;36;22:36;3
1127;436;2337;198.46153846153845;26;34:26;3
1128;436;1848;186.66666666666666;36;22:36;3
1129;1130;646;60.0;34;22:34;3
1130;1131;316;60.0;34;22:34;3
1131;1132;349;60.0;34;22:34;3
1132;1133;248;81.17647058823529;34;22:34;3
1133;1134;300;60.0;34;22:34;3
1134;1122;252;60.0;34;22:34;3
1135;1123;255;60.0;36;22:36;3
1136;1261;947;94.83870967741936;31;22:31;3
1137;942;2743;235.2;25;34:25;3
1138;1139;306;12.857142857142858;28;32:28;3
1139;1140;189;47.142857142857146;28;32:28;3
1140;1141;315;8.571428571428571;28;32:28;3
1141;1142;505;60.0;28;32:28;3
1142;1059;1322;124.28571428571429;28;32:28;3
1143;1144;481;53.57142857142857;28;32:28;3
1144;1145;340;6.428571428571429;28;32:28;3
1145;1146;269;60.0;28;32:28;3
1146;1147;268;0.0;28;32:28;3
1147;1148;193;60.0;28;32:28;3
1148;1138;209;60.0;28;32:28;3
1149;1150;422;60.0;35;22:35;3
1150;1151;415;60.0;35;22:35;3
1151;1152;850;145.71428571428572;35;22:35;3
1152;1020;1266;130.28571428571428;35;22:35;3
1153;1154;704;109.71428571428571;35;22:35;3
1154;1155;523;78.85714285714286;35;22:35;3
1155;1156;421;60.0;35;22:35;3
1156;1160;349;49.714285714285715;35;22:35;3
1157;1149;325;60.0;35;22:35;3
1158;1157;266;60.0;35;22:35;3
1159;1161;534;87.42857142857143;35;22:35;3
1160;1159;281;60.0;35;22:35;3
1161;1158;528;120.0;35;22:35;3
1162;1163;304;60.0;49;8:49;3
1163;450;767;108.23529411764706;102;24:40,25:37,26:25;3
1163;1179;228;34.285714285714285;49;8:49;3
1164;1182;190;36.92307692307692;52;8:52;3
1165;1166;529;60.0;41;23:41;3
1166;1167;359;62.926829268292686;41;23:41;3
1167;1168;304;58.94736842105263;57;41:16,23:41;3
1168;1180;537;60.0;57;41:16,23:41;3
1169;1170;826;73.17073170731707;41;23:41;3
1170;447;626;60.0;41;23:41;3
1171;1172;760;67.6923076923077;39;23:39;3
1172;1181;634;60.0;39;23:39;3
1173;1174;429;95.09433962264151;53;41:14,23:39;3
1174;838;2695;368.57142857142856;14;41:14;3
1174;1175;345;60.0;39;23:39;3
1175;1176;463;60.0;39;23:39;3
1176;1324;2298;206.15384615384616;39;23:39;3
1177;820;808;73.5;40;24:40;3
1177;821;2038;217.0;60;25:36,26:24;3
1178;1164;350;79.61538461538461;52;8:52;3
1179;203;469;88.16326530612245;49;8:49;3
1180;1169;537;60.0;41;23:41;3
1180;446;2523;270.0;16;41:16;3
1181;1173;418;60.0;53;41:14,23:39;3
1183;1184;533;125.21739130434783;23;39:23;3
1184;1185;270;60.0;23;39:23;3
1185;1186;514;104.34782608695652;23;39:23;3
1186;1187;545;65.21739130434783;23;39:23;3
1187;1068;2537;240.0;23;39:23;3
1188;1189;573;76.8;25;39:25;3
1189;1190;476;86.4;25;39:25;3
1190;1191;282;60.0;25;39:25;3
1191;1183;510;136.8;25;39:25;3
1192;1194;344;60.0;2;39:2;3
1193;1192;371;60.0;2;39:2;3
1194;1061;1320;180.0;2;39:2;3
1195;1359;1436;268.69565217391306;23;38:23;3
1196;1275;2167;232.17391304347825;23;38:23;3
1197;1198;411;152.83018867924528;53;25:37,41:16;3
1198;1199;328;62.264150943396224;53;25:37,41:16;3
1199;1200;385;60.0;53;25:37,41:16;3
1200;1201;408;69.05660377358491;53;25:37,41:16;3
1201;1202;900;60.0;37;25:37;3
1201;843;3625;423.75;16;41:16;3
1202;1203;1013;120.0;37;25:37;3
1203;1204;1205;77.83783783783784;37;25:37;3
1204;830;933;102.16216216216216;37;25:37;3
1205;1206;1278;120.0;36;25:36;3
1206;1207;871;83.33333333333333;36;25:36;3
1207;1208;865;65.0;36;25:36;3
1208;1209;475;68.4;50;25:36,41:14;3
1209;1210;378;60.0;50;25:36,41:14;3
1210;1211;311;60.0;50;25:36,41:14;3
1211;1212;344;140.0;21;25:21;3
1211;1197;396;138.6206896551724;29;25:15,41:14;3
1212;1342;5710;600.0;21;25:21;3
1213;1378;2654;353.3333333333333;9;37:9;3
1213;1214;742;69.375;32;37:32;3
1214;1215;495;60.0;41;37:41;3
1215;1225;309;60.0;54;44:13,37:41;3
1216;1226;318;60.0;52;44:12,37:40;3
1217;1218;339;60.0;54;44:13,37:41;3
1218;1219;328;48.888888888888886;54;44:13,37:41;3
1219;472;8374;715.3846153846154;13;44:13;3
1219;1220;417;60.0;41;37:41;3
1220;986;1287;182.9268292682927;41;37:41;3
1221;1222;351;60.0;40;37:40;3
1222;1223;407;60.0;52;44:12,37:40;3
1223;1224;339;63.46153846153846;52;44:12,37:40;3
1224;1216;350;25.384615384615383;52;44:12,37:40;3
1225;1217;394;67.77777777777777;54;44:13,37:41;3
1226;1378;3642;480.0;12;44:12;3
1226;1227;506;60.0;40;37:40;3
1227;1213;704;60.0;40;37:40;3
1228;1214;734;60.0;9;37:9;3
1229;1230;491;63.333333333333336;18;48:8,35:10;3
1230;1231;706;93.33333333333333;18;48:8,35:10;3
1231;1238;543;73.33333333333333;18;48:8,35:10;3
1232;1239;506;72.63157894736842;19;48:8,35:11;3
1233;1241;930;60.0;10;35:10;3
1233;1367;2605;300.0;8;48:8;3
1234;783;2402;186.0;10;35:10;3
1235;1236;702;60.0;11;35:11;3
1236;1237;1013;60.0;11;35:11;3
1237;1232;445;60.0;19;48:8,35:11;3
1238;1233;438;60.0;18;48:8,35:10;3
1239;1240;691;110.52631578947368;19;48:8,35:11;3
1240;1229;519;60.0;19;48:8,35:11;3
1241;1234;482;60.0;10;35:10;3
1242;1255;410;120.0;31;31:31;3
1243;1244;321;116.12903225806451;31;31:31;3
1244;1245;224;3.870967741935484;31;31:31;3
1245;1254;197;60.0;31;31:31;3
1246;1247;693;60.0;31;31:31;3
1247;1097;1129;104.51612903225806;31;31:31;3
1248;1249;1012;77.41935483870968;31;31:31;3
1249;1250;527;60.0;31;31:31;3
1250;1251;351;60.0;31;31:31;3
1251;1252;213;46.45161290322581;31;31:31;3
1252;1253;371;73.54838709677419;31;31:31;3
1253;1256;520;166.4516129032258;31;31:31;3
1254;1246;784;71.61290322580645;31;31:31;3
1255;1243;591;123.87096774193549;31;31:31;3
1256;1242;355;60.0;31;31:31;3
1257;1258;348;60.0;36;22:36;3
1258;1259;401;60.0;36;22:36;3
1259;1266;843;120.0;2;22:2;3
1259;1260;445;60.0;34;22:34;3
1260;1121;763;72.3529411764706;34;22:34;3
1261;1262;406;60.0;31;22:31;3
1262;1263;350;28.235294117647058;34;22:34;3
1263;1264;385;60.0;34;22:34;3
1264;1268;494;84.70588235294117;34;22:34;3
1265;1127;2885;249.23076923076923;26;34:26;3
1266;1135;1942;240.0;2;22:2;3
1267;1262;779;120.0;3;22:3;3
1268;1257;467;180.0;36;22:36;3
1270;1271;442;60.0;23;38:23;3
1271;1272;600;112.17391304347827;23;38:23;3
1272;1273;274;60.0;23;38:23;3
1273;1274;297;28.695652173913043;23;38:23;3
1274;1195;2131;213.91304347826087;23;38:23;3
1275;1276;324;2.608695652173913;23;38:23;3
1276;1277;228;60.0;23;38:23;3
1277;1278;665;101.73913043478261;23;38:23;3
1278;1279;439;60.0;23;38:23;3
1280;1281;217;133.04347826086956;23;33:23;3
1281;1282;213;54.78260869565217;23;33:23;3
1282;1283;285;73.04347826086956;23;33:23;3
1283;1284;240;60.0;23;33:23;3
1284;1285;1280;120.0;23;33:23;3
1285;1291;363;49.56521739130435;23;33:23;3
1286;1287;1284;120.0;25;33:25;3
1287;1288;263;60.0;25;33:25;3
1288;1289;312;60.0;25;33:25;3
1289;1290;197;12.0;25;33:25;3
1290;1280;229;60.0;25;33:25;3
1291;627;5616;537.3913043478261;23;33:23;3
1292;1286;330;0.0;25;33:25;3
1293;1294;522;120.0;25;26:25;3
1294;1302;325;60.0;25;26:25;3
1295;1303;300;60.0;24;26:24;3
1296;1297;729;120.0;25;26:25;3
1297;1298;634;60.0;25;26:25;3
1298;834;1703;192.0;25;26:25;3
1299;1300;697;60.0;24;26:24;3
1300;1301;677;120.0;24;26:24;3
1301;1295;484;62.5;24;26:24;3
1302;1296;475;110.4;25;26:25;3
1303;1293;530;120.0;24;26:24;3
1304;1305;1089;109.7560975609756;41;23:41;3
1305;1306;636;60.0;41;23:41;3
1306;1314;1203;131.70731707317074;41;23:41;3
1307;1308;637;60.0;39;23:39;3
1308;1309;1096;110.76923076923077;39;23:39;3
1309;1312;387;60.0;39;23:39;3
1310;1304;384;60.0;41;23:41;3
1311;1310;190;58.53658536585366;41;23:41;3
1312;1311;180;58.46153846153846;39;23:39;3
1314;1315;462;60.0;1;23:1;3
1314;1316;309;49.5;40;23:40;3
1315;1323;478;120.0;1;23:1;3
1315;1316;671;180.0;1;23:1;3
1316;1326;241;10.24390243902439;41;23:41;3
1317;1322;253;50.76923076923077;39;23:39;3
1318;1319;431;0.0;41;23:41;3
1319;1325;377;60.0;41;23:41;3
1320;1321;447;60.0;39;23:39;3
1321;1317;226;0.0;39;23:39;3
1322;1323;230;9.473684210526315;38;23:38;3
1322;1315;649;120.0;1;23:1;3
1323;1307;1259;120.0;39;23:39;3
1324;1320;368;60.0;39;23:39;3
1325;1165;2139;196.09756097560975;41;23:41;3
1326;1318;306;60.0;41;23:41;3
1327;1328;267;60.0;39;29:39;3
1328;1329;256;61.53846153846154;39;29:39;3
1329;1338;280;53.84615384615385;39;29:39;3
1330;1331;286;60.0;37;29:37;3
1331;1327;255;60.0;37;29:37;3
1332;452;7905;756.0;25;39:25;3
1333;1080;244;60.0;26;39:26;3
1334;1335;523;60.0;39;29:39;3
1335;881;961;121.53846153846153;39;29:39;3
1336;1337;532;60.0;37;29:37;3
1337;1339;206;60.0;37;29:37;3
1338;1334;234;60.0;39;29:39;3
1339;1330;271;19.45945945945946;37;29:37;3
1340;1341;253;0.0;21;25:21;3
1341;1197;5619;722.8571428571429;21;25:21;3
1342;1343;156;0.0;21;25:21;3
1344;1349;377;75.78947368421052;19;45:19;3
1345;458;12146;767.3684210526316;19;45:19;3
1346;1348;210;60.0;18;45:18;3
1347;1429;4374;293.3333333333333;18;45:18;3
1348;1347;469;60.0;18;45:18;3
1349;1345;227;60.0;19;45:19;3
1350;1352;517;60.0;26;34:26;3
1351;1353;401;12.0;25;34:25;3
1352;1265;6465;496.15384615384613;26;34:26;3
1353;1358;527;115.2;25;34:25;3
1354;1355;321;62.30769230769231;26;34:26;3
1355;1357;539;120.0;26;34:26;3
1356;1354;347;115.2;25;34:25;3
1357;1350;467;76.15384615384616;26;34:26;3
1358;1356;500;64.8;25;34:25;3
1359;1363;261;60.0;23;38:23;3
1359;1196;1425;242.6086956521739;23;38:23;3
1360;1359;250;60.0;23;38:23;3
1361;1360;309;78.26086956521739;23;38:23;3
1362;866;1849;180.0;23;38:23;3
1363;1362;308;54.78260869565217;23;38:23;3
1364;1365;303;60.0;18;48:8,36:10;3
1365;1366;429;93.33333333333333;18;48:8,36:10;3
1366;1237;2637;300.0;8;48:8;3
1367;1368;546;116.84210526315789;19;48:8,36:11;3
1368;1369;288;60.0;19;48:8,36:11;3
1369;1370;482;60.0;19;48:8,36:11;3
1370;1372;978;183.1578947368421;19;48:8,36:11;3
1371;1364;425;60.0;18;48:8,36:10;3
1372;802;933;135.78947368421052;19;48:8,36:11;3
1373;1371;994;183.33333333333334;18;48:8,36:10;3
1374;1375;298;60.0;33;24:33;3
1375;810;2771;236.36363636363637;33;24:33;3
1376;1374;298;60.0;33;24:33;3
1377;1228;2711;360.0;8;37:8;3
1377;1215;3710;493.84615384615387;13;44:13;3
1378;1380;465;94.28571428571429;21;44:12,37:9;3
1379;1377;420;74.28571428571429;21;44:13,37:8;3
1380;1382;333;60.0;21;44:12,37:9;3
1381;1379;386;60.0;21;44:13,37:8;3
1382;1384;375;60.0;21;44:12,37:9;3
1383;1381;314;60.0;21;44:13,37:8;3
1384;1385;498;60.0;21;44:12,37:9;3
1385;1383;501;60.0;21;44:13,37:8;3
1395;1396;524;60.0;416;51:416;1
1396;1397;783;90.0;416;51:416;1
1397;1398;581;71.0;416;51:416;1
1398;1399;659;75.0;416;51:416;1
1399;1400;541;64.0;416;51:416;1
1400;1401;492;65.0;416;51:416;1
1401;1402;407;43.0;416;51:416;1
1402;1403;732;102.0;416;51:416;1
1403;1404;451;51.0;416;51:416;1
1404;1405;667;73.0;416;51:416;1
1405;1406;549;67.0;416;51:416;1
1406;1407;529;63.0;416;51:416;1
1407;1408;485;55.0;416;51:416;1
1408;1409;727;81.0;416;51:416;1
1410;1395;524;60.0;416;51:416;1
1411;1410;774;90.0;416;51:416;1
1412;1411;589;71.0;416;51:416;1
1413;1412;661;75.0;416;51:416;1
1414;1413;541;64.0;416;51:416;1
1415;1414;490;65.0;416;51:416;1
1416;1415;404;43.0;416;51:416;1
1417;1416;738;102.0;416;51:416;1
1418;1417;446;51.0;416;51:416;1
1419;1418;666;73.0;416;51:416;1
1420;1419;536;67.0;416;51:416;1
1421;1420;527;63.0;416;51:416;1
1422;1421;483;55.0;416;51:416;1
1423;1422;729;81.0;416;51:416;1
1430;1344;4418;315.7894736842105;19;45:19;3
1430;458;16801;1002.0;10;46:10;3